Egzersiz_Adi,Kategori,Ekipman,Aciklama
Axe Hold,Arms,Dumbbell,"Dambılları kavrayın, kollarınızı yana doğru uzatın ve yapabildiğiniz kadar uzun süre bu pozisyonda kalın."
Tricep Pushdown on Cable,Arms,Vücut Ağırlığı,"Kablo halatlı itme hareketi, triseps kaslarını hedefleyen popüler bir egzersizdir. Öğrenmesi ve uygulaması kolay olduğundan, yeni başlayanlardan ileri seviyedeki sporculara kadar herkesin favorisidir. Genellikle üst vücut veya kol odaklı bir antrenmanın parçası olarak, set başına 8-12 tekrar veya daha fazla olmak üzere orta ila yüksek tekrar sayılarıyla yapılır."
Step-ups,Legs,Bench,"Başlangıç ​​pozisyonu:

Bir sandalyeye doğru dönerek ayakta durun.

Adımlar:

1. Sandalyeye çıkın.

2. Sandalyeden inin.

3. Tekrarlayın."
commando pull-ups,Abs,Pull-up bar,"Şınav egzersizinin bir varyasyonu olan bu hareket, bir el sırtüstü, diğer el yüzüstü pozisyonda tutularak yapılır; öne doğru dönmek için gövdeyi döndürmeyin, baş bir kez bir yana, bir kez de diğer yana geçer."
Single Arm Plank to Row,Back,Kettlebell,"Başlangıç ​​pozisyonu kürek çekme, uzatma pozisyonundan plank pozisyonuna geçme ve tekrar başlama. Bitirme pozisyonunda kürek çekme ve tekrar etme."
Fingerboard 20 mm edge,Arms,Vücut Ağırlığı,20 mm kenarlı bir parmak tahtası üzerinde 10 saniye boyunca asılı kalın.
Incline Bench Reverse Fly,Back,Dumbbell,"Eğimli dambıl ters kanat açma hareketi, üst vücut kaslarını (arka deltoidler) ve üst sırtın duruş kaslarını hedefleyen bir egzersizdir. Bu kadar küçük kasları hedeflediği için, bu egzersiz genellikle hafif ağırlıklarla ve yüksek tekrar sayılarıyla, örneğin set başına 10-15 tekrar veya daha fazla sayıda yapılır."
Handstand Push Up,Shoulders,Vücut Ağırlığı,"El üstü şınav, yüksek beceri seviyesi gerektiren bir egzersizdir."
Zone 2 Running,Cardio,Vücut Ağırlığı,"Bölge 2 Kardiyo (dayanıklılık için), koşarken konuşabilmelisiniz."
LYING DUMBBELL ROW SS SEATED SHRUG,Back,Dumbbell,Hafif eğimli bir bankta yüzüstü yatmak
Suspended crossess,Cardio,none (bodyweight exercise),Göğüs kası antrenmanı için TRX ile askı egzersizi
Biceps with TRX,Abs,none (bodyweight exercise),"TRX kayışlarının tutacaklarını kavrayın, vücudunuzu geriye doğru yaslayın, kollarınızı ve bacaklarınızı uzatın, vücudunuzu tek bir düz çizgi halinde konumlandırın. (Bu bir kol egzersizidir, karın egzersizi değildir.)"
Kettlebell Swing,Abs,Kettlebell,"Kettlebell sallama hareketi tüm vücudu çalıştıran bir egzersiz olsa da, çoğunlukla arka kas zincirindeki (vücudun arka kısmı) kasları hedef alır. Kullanılan başlıca kaslar kalça kasları, hamstringler, omurga dikleştirici kaslar ve üst sırt kaslarıdır."
Swimming 50m sprints,Cardio,Vücut Ağırlığı,1 dakika hızında 50 metrelik yüzme sprintleri
Bear Walk 2,Chest,none (bodyweight exercise),"-Ağırlığınızı avuç içlerinize ve ayak parmaklarınızın uçlarına verin, normal şınav pozisyonuna benzer şekilde.

-Sağ avucunuz ve sol ayağınızla, sonra sol avucunuz ve sağ ayağınızla adım atarak hareket edin. Temel olarak, ağır adımlarla yürüyen bir ayı gibi yürüyün.

-Mümkün olduğunca hızlı hareket edin. Tekrarlarınızı/setlerinizi mesafe (örneğin 40 yarda) veya süre (örneğin 45 saniye) olarak ölçün.

-Göğüs kaslarınızı, omuz kaslarınızı, trisepslerinizi, trapez kaslarınızı, sırt kaslarınızı, karın kaslarınızı ve bel kaslarınızı, kalça bükücü kaslarınızı, uyluk kaslarınızı, kalça kaslarınızı ve baldır kaslarınızı çalıştırır."
one-handed kettlebell curls,Arms,Kettlebell,Bir elinizde kettlebell ile dirseğinizi bükerek ayakta durun ve eliniz omuz hizasına gelene kadar tamamen uzatılmış pozisyondan başlayın. Hareketi doğru bir şekilde yapmak için sırtınızla veya vücudunuzla itmemeye çalışın.
Medicine ball booklet crunch,Abs,none (bodyweight exercise),"Egzersiz topunu ağırlık artırıcı olarak kullanmak, egzersizi daha ağır hale getirecektir."
Box squat,Abs,none (bodyweight exercise),"1. **Kutuyu kurun:** Kutuyu arkanıza, eğer halter kullanıyorsanız squat sehpasına yaklaşık 1 metre mesafeye yerleştirin. Sırtınız düzken çömelmenize ve kalçalarınızı kutuya hafifçe değdirmenize olanak tanıyan bir yükseklik seçin.

2. **Doğru duruş:** Ayaklarınız omuz genişliğinde açık, ayak parmaklarınız hafifçe dışa dönük şekilde durun. Karın kaslarınızı sıkın ve sırtınızı düz tutun. Halter kullanıyorsanız, omuz hizasına yerleştirin.

3. **Aşağı inin:** Bir sandalyeye oturacakmış gibi geriye doğru oturun, dizlerinizi bükün ve kalçalarınızı kutuya doğru indirin. Hareket boyunca karın kaslarınızı sıkı ve sırtınızı düz tutun.

4. **Kontrollü iniş:** Kalçalarınız kutuya hafifçe değene kadar kontrollü bir şekilde inin. Ani bir şekilde yere yığılmayın.

5. **Duraklayın ve yukarı doğru itin:** Sırtınız düz ve karın kaslarınız sıkı bir şekilde, en alt noktada kısa bir süre duraklayın. Ardından, topuklarınızdan güç alarak kendinizi başlangıç ​​pozisyonuna geri çekin.

Koordinasyon, denge ve dayanıklılıkta iyileşme, bacak ve kalça kaslarında sıkılaşma ve genel olarak kemik yoğunluğunda artış sağlayarak osteoporoz riskini ortadan kaldırır."
Knee Raises,Abs,Pull-up bar,"Barfiks çubuğu üzerinde 90° bacak kaldırma hareketi, karın kaslarının tamamını çalıştıran oldukça yoğun bir egzersizdir."
Sloper hanging,Arms,none (bodyweight exercise),Parmak tahtasının eğimli tutamaklarına birkaç saniye boyunca asılı kalmak
Barbell Ab Rollout,Abs,Barbell,"Barbell'i ayaklarınızın dibine yere koyun.

Belinizden bükülerek, barbell'i omuz hizasında üstten kavrama ile tutun.

Yavaş ve kontrollü bir hareketle, sırtınız düz olacak şekilde barı öne doğru yuvarlayın.

Başlangıç ​​pozisyonuna dönerken kalçalarınızı ve poponuzu yukarı kaldırarak tekrar yukarı doğru yuvarlanın."
Elliptical,Cardio,none (bodyweight exercise),"Kas tonusunu iyileştirir, bacak kaslarını (kuadriseps, gluteus, baldır) güçlendirir, damarlanmayı artırır ve direnci yükseltir. Eliptik bisiklet ayrıca kilo vermek isteyenler için de çok faydalıdır."
High knees,Cardio,none (bodyweight exercise),"Başlangıç ​​pozisyonu: Dik durun.

Adımlar:

1. Dizlerinizi rahat edebileceğiniz kadar yukarı çekerek ve hızlı bir tempoda bacak değiştirerek yerinizde koşun."
Pullup on fingerboard,Arms,none (bodyweight exercise),Parmak tahtasının/tırmanma tahtasının seçilen bir kenarından yukarı çekme hareketi yapın.
Push-up rotations,Arms,none (bodyweight exercise),"Başlangıç ​​pozisyonu:

Başlangıç ​​şınav pozisyonuna geçin; elleriniz ve ayak parmaklarınız yere ve sırtınıza değsin, kollarınız ve bacaklarınız düz olsun. Bu pozisyona geçmek için yüzüstü yatabilir, ellerinizi başınızın yanına, aşağıya bakacak şekilde koyabilir ve kollarınızı düz olana kadar yukarı kaldırabilirsiniz.

Adımlar:

1. Standart bir şınav çekin:

1.a Göğsünüz neredeyse yere değene kadar kollarınızı bükün, sırtınızın düz olduğundan emin olun. 1.b Kollarınızı kullanarak kendinizi başlangıç ​​pozisyonuna geri kaldırın.

2. Sırtınız düz olacak şekilde, vücudu destekleyen alt eliniz tamamen uzatılmış ve sadece alt eliniz ve ayağınız yere değecek şekilde vücudunuzu yana doğru döndürün.

3. Her seferinde 2. adımda taraf değiştirerek tekrarlayın."
Kneeling kickbacks,Legs,none (bodyweight exercise),"Başlangıç ​​pozisyonu:

Dört ayak üzerine çökün.

Adımlar:

1. Kalça kaslarına odaklanarak bir ayağınızı tamamen geriye doğru itin.

2. Bir saniye bekleyin, ardından başlangıç ​​pozisyonuna dönün.

3. Ayakları değiştirerek tekrarlayın."
Reverse Nordic Curl,Legs,Vücut Ağırlığı,"Doğal Bacak Uzatma, ekipman gerektirmeyen, Bacak Uzatma makinesine alternatif bir yöntemdir."
Straight Bar Cable Curls,Arms,Vücut Ağırlığı,Kablo kulesinin önünde düz bir çubuk kullanarak dik durmak.
Cable Fly,Chest,Vücut Ağırlığı,"kablo makinesi, iki adım ileri, düz geri"
Jump rope: basic jumps,Cardio,none (bodyweight exercise),"Başlangıç ​​pozisyonu:

Ayaklarınızı birbirine yakın koyun, dizlerinizi biraz bükün, başınızı ve vücudunuzu düz tutun, dirseklerinizi içeri çekin, kollarınızı açın.

Adımlar:

1. Sadece bileklerinizi, ipi döndürecek kadar kuvvetle çevirin.

2. İpin ayaklarınızın altından geçeceği kadar yükseğe zıplayın.

3. Tekrarlayın.

Notlar:

Bu egzersiz için bir atlama ipi gereklidir. İpin uzunluğunun boyunuza uygun olduğundan emin olun. Bunu kontrol etmenin bir yolu, her iki tutamağı bir elinizle tutmak ve bir ayağınızla yere asılı ipin ortasına basmaktır. İp (tutamaklar hariç) göğsünüzün hemen altına ulaşıyorsa, uzunluğu doğrudur. Daha kısa bir ip tehlikeli olur, çünkü kendinize vurabilirsiniz ve daha uzun bir ip de kötü bir duruşa neden olur."
TRX Rows,Abs,none (bodyweight exercise),"Bu egzersiz, barfiks çekmeye hazırlık niteliğindedir."
Leg raises pull up bar,Abs,Pull-up bar,"Her iki elinizle barı sıkıca kavrayarak, uzattığınız bacaklarınızı gövdenizle 90°'lik bir açı oluşturana kadar yukarı kaldırın."
Mountain climbers,Chest,none (bodyweight exercise),"Başlangıç ​​pozisyonu:

Dik şınav pozisyonunda, yani yüksek plank pozisyonunda başlayın. Elleriniz omuzlarınızın hemen altında olmalı. Başınız sırtınızla aynı hizada, yere bakacak şekilde olmalı. Ayaklarınız kalça genişliğinde açık olmalı.

Adımlar:

1. Bir dizinizi vücudunuzun merkezine, dirseklerinize doğru hareket ettirin, diğer bacağınızı uzatılmış halde tutun.

2. Hızlı bir sıçrama hareketiyle, bükülmüş bacağınızı düzleştirin ve diğer dizinizi vücudunuza doğru çekin.

3. 2. adımı tekrarlayın, bacaklarınızı sırayla değiştirin.

Notlar:

Egzersiz boyunca sırtınız mümkün olduğunca düz kalmalıdır – kambur veya sarkık bir sırttan kaçının."
4-count burpees,Chest,none (bodyweight exercise),"Başlangıç ​​pozisyonu:

Dik durun, ayaklarınızı kalça genişliğinde açın.

Adımlar:

1. Dizlerinizin arasına ve ayaklarınızın önüne ellerinizi koyarak yere çömelin, sırtınız düz olsun.

2. Ellerinizi yerde tutarak bacaklarınızı geriye doğru sıçratarak yüksek plank pozisyonuna geçin.

3. Ayaklarınızı öne doğru sıçratarak çömelme pozisyonuna geri dönün.

4. Tekrarlayın."
No push-up burpees,Chest,none (bodyweight exercise),"Başlangıç ​​pozisyonu:

Dik durun, ayaklarınızı kalça genişliğinde açın.

Adımlar:

1. Dizlerinizin arasına ve ayaklarınızın önüne ellerinizi koyarak yere çömelin, sırtınız düz olsun.

2. Ellerinizi yerde tutarak bacaklarınızı geriye doğru sıçratarak yüksek plank pozisyonuna geçin.

3. Çömelme pozisyonuna geri dönmek için ayaklarınızı öne doğru sıçratın.

4. Yukarı sıçrayın.

5. Tekrarlayın."
Floor dips,Arms,none (bodyweight exercise),"Başlangıç ​​pozisyonu:

Kollarınızı arkanıza koyarak sırtınızı destekleyin. Parmaklarınız öne doğru bakmalı. Dizleriniz bükülü, ayaklarınız bitişik olmalı.

Adımlar:

1. Kalçalarınızı yerden kaldırın, kollarınızı düzleştirin.

2. Dirseklerinizi bükerek kalçalarınızı aşağı indirin.

3. Kollarınızı düzleştirerek önceki pozisyona dönün.

4. 2. ve 3. adımları tekrarlayın.

Notlar:

Egzersizin zorluğu, kalçalarınızı ne kadar yukarı kaldırdığınıza bağlıdır."
Child's pose,Back,none (bodyweight exercise),"Başlangıç ​​pozisyonu:

Dört ayak üzerinde, dizleriniz, ayak parmaklarınız ve elleriniz yere değecek şekilde başlayın. İki büyük ayak parmağınız birbirine değmelidir.

Adımlar:

1. Dizlerinizi kalça genişliğinde açın.

2. Nefes verirken, pelvisinizi geriye doğru hareket ettirerek topuklarınızın üzerine oturun. Elleriniz hala yere değmelidir.

3. Üst vücudunuzu gevşetin, alnınızı yere indirin ve ellerinizin doğal olarak öne doğru hareket etmesine izin verin.

4. Bu pozisyonda kalın.

İpuçları:

* Pozisyondan çıkmak için, kollarınızı omuzlarınızın altına doğru geriye doğru yürütün ve üst vücudunuzu yukarı kaldırarak oturma pozisyonuna geçin."
Kettlebell deadlifts,Back,Kettlebell,"Başlangıç ​​pozisyonu:

Kalça genişliğinde ayakta durun, kettlebell'i ayak bileklerinizin ortasına yerleştirin. Sırtınız düz, başınız öne dönük olmalı.

Adımlar:

1. Kalçalarınızdan bükülün ve dizlerinizi hafifçe bükerek ellerinizi kettlebell'in saplarına yerleştirin. Hareketi yaparken sırtınız düz olmalıdır.

2. Kettlebell'in saplarını kavrayın, sanki sapı birbirinden ayırıyormuş gibi zıt yönlere doğru itin.

3. Karın ve kalça kaslarınızı kasarak dik durun.

4. Kettlebell'i tekrar aşağı indirmek için kalçalarınızdan tekrar bükülün, tıpkı 1. adımda olduğu gibi.
5. 3. adımdan itibaren tekrarlayın.

İpuçları:

* Hareketleri doğru şekilde yaptığınızdan emin olun, aksi takdirde sakatlanmaya yol açabilir. Örneğin, kalçalarınızdan bükülmek yerine çömelmeyin, kettlebell'e uzanırken sırtınızı yuvarlaklaştırmayın ve ayağa kalkarken geriye yaslanmayın."
Body-Ups,Arms,none (bodyweight exercise),"1. Yere plank pozisyonunda uzanın. Vücut ağırlığınızı ayak parmaklarınız ve ön kollarınız üzerinde desteklemeli, gövdenizi düz tutmalısınız. Ön kollarınız omuz genişliğinde açık olmalıdır. Bu sizin başlangıç ​​pozisyonunuz olacaktır.

2. Avuç içlerinizi yere sıkıca bastırarak, dirseklerinizi uzatarak vücudunuzu yerden kaldırın. Hareketi yaparken gövdenizi sabit tutun.

3. Dirseklerinizi bükerek ön kollarınızı yavaşça yere indirin.

4. Gerektiği kadar tekrarlayın."
Bent High Pulls,Shoulders,Dumbbell,İki dambıl tutarken hafifçe öne eğilin. Dirseklerinizi olabildiğince yukarıda tutarak dambılları göğsünüze doğru çekin.
Chin tuck,Back,none (bodyweight exercise),"Başlangıç ​​pozisyonu:

Sırtınız dik olacak şekilde oturun veya ayakta durun.

Adımlar:

1. Parmaklarınızı çenenize koyarak çenenizi yavaşça içeri çekin ve başınızı omurganızla aynı hizaya getirin.

2. 5 saniye bekleyin.

3. Başınızı normal pozisyona getirin ve tekrarlayın."
Head turns,Shoulders,none (bodyweight exercise),"Başlangıç ​​pozisyonu:

Sırtınız dik ve omuzlarınız aşağıda olacak şekilde oturun veya ayakta durun.

Adımlar:

1. Omuzlarınız aşağıda olacak şekilde dik oturun veya ayakta durun.

2. Başınızı olabildiğince yana çevirin. Bir engele çarptığınızda durun ve 5 saniye bekleyin.

3. Orta pozisyona dönün ve taraf değiştirerek tekrarlayın."
Back neck stretch,Back,none (bodyweight exercise),"Başlangıç ​​pozisyonu:

Bir sandalyeye veya sert bir yastığa dik oturun.

Adımlar:

1. Nefes verin ve başınızı öne doğru eğin, çenenizi göğsünüze yaklaştırın, ellerinizi başınızın arkasına koyun.

2. Ellerinizi kullanarak başınızı hafifçe aşağı çekin ve kuvveti dengelemek için başınızla ellerinize bastırın.

3. Bir süre bekleyin.

4. Kollarınızı ve başınızı gevşetin, omuzlarınızı biraz açın.

5. 2. adımdan itibaren bunu tekrarlayın."
Blaze,Cardio,"Bench, Dumbbell, Kettlebell, none (bodyweight exercise)","BLAZE, tüm vücudu çalıştıran bir HIIT antrenmanıdır. Kardiyo kondisyonunuzu ve gücünüzü en üst düzeye çıkarmak için tasarlanmıştır. Özel olarak inşa edilmiş stüdyosunda sunulan BLAZE, dövüş sanatları, yoğun kardiyo ve güç antrenmanının eşsiz bir karışımıdır."
Lat Pulldown (Wide Grip),Back,Vücut Ağırlığı,"### **Uygulama**

1. **Başlangıç ​​pozisyonu:**

* Kollarınızı başınızın üzerine uzatın, sırt kaslarınızda bir gerilme hissedin.

* Omuzlarınızı aşağıda tutun (yukarı doğru omuz silkmeyin).

2. **Çekme aşaması (konsantrik):**

* Dirseklerinizi aşağı ve geriye doğru iterek barı **üst göğüs veya köprücük kemiği bölgenize** kadar çekin.

* Göğsünüzü yukarıda tutun ve en alt noktada kürek kemiklerinizi birbirine yaklaştırın."
Alternating bicep curls,Arms,Dumbbell,"Başlangıç ​​pozisyonu:

Her iki elinizde birer dambıl olacak şekilde ayakta durun, sırtınız dik ve ayaklarınız kalça genişliğinde açık olsun. Kollarınız gevşek, aşağı doğru uzanmış olmalı. Dizleriniz hafifçe bükülmüş, karın kaslarınız kasılı ve omuzlarınız aşağıda olmalı.

Adımlar:

1. Bir kolunuzu dirseğinizden bükerek dambılı omzunuza kadar kaldırın. Bu hareket sırasında üst kolunuz hareketsiz kalmalıdır.

2. Kolunuz orijinal gevşek pozisyonuna gelene kadar dambılı tekrar aşağı indirin.

3. Kol değiştirerek tekrarlayın."
Head tilts,Back,none (bodyweight exercise),"Başlangıç ​​pozisyonu:

Sırtınız dik olacak şekilde oturun veya ayakta durun.

Adımlar:

1. Başınızı bir yana eğin ve bir süre bekleyin. 2. Başınızı nötr pozisyona geri getirin ve bir süre bekleyin.

2. Başınızı diğer yana eğin ve bir süre bekleyin.

3. Başınızı tekrar nötr pozisyona geri getirin ve bir süre bekleyin.

4. Tekrarlayın."
Nordic Curl,Legs,Vücut Ağırlığı,"Nordic hamstring curl, arka bacak kaslarını güçlendirmek, diz sağlığını iyileştirmek ve sakatlanmaları önlemek için en iyi alt vücut egzersizlerinden biridir."
Reverse Preacher Curl (Close Grip),Arms,SZ-Bar,Pazı sehpasına ters oturarak ve dar tutuşla egzersiz aletini kullanarak
SMITH MACHINE SLIGHT INCLINE PRESS,Chest,Vücut Ağırlığı,"Smith tezgahının altında, hafif eğimli bir şekilde yatıyor."
Chin-ups,Back,Pull-up bar,"Çene çekme (chin-up olarak da bilinir), bir kuvvet antrenmanı egzersizidir. İnsanlar bu egzersizi sıklıkla, sırasıyla omuzu uzatan latissimus dorsi ve dirseği büken biseps gibi kasları güçlendirmek amacıyla yaparlar. Bu manevrada avuç içleri vücuda dönüktür. Hareket aralığının kişinin çenesine göre belirlendiği bir çekme hareketidir."
Burpees,Chest,Vücut Ağırlığı,"Zıplayın, yüzüstü yere yatın, şınav çekin, sonra tekrar zıplayın, tekrarlayın."
Chest Press,Chest,Vücut Ağırlığı,Açıklama Bulunamadı!
Cross-Bench Dumbbell Pullovers,Chest,Dumbbell,"Orta ağırlıkta bir dambılı avuç içleriniz üst plakaların alt tarafına düz bir şekilde gelecek ve başparmaklarınız da dambılı kavrayacak şekilde tutun. Sırt üstü düz bir sehpaya uzanın, sadece sırtınızın üst kısmı ve omuzlarınız sehpaya temas etsin. Ayaklarınız omuz genişliğinde açık olmalı ve başınız hafifçe aşağı sarkmalıdır. Dambılı kollarınızı uzatarak göğsünüzün hemen üzerinde destekleyin, kollarınızı yaklaşık 15 derece bükün ve hareket boyunca bükülü tutun. Dambılı yavaşça geriye ve aşağıya doğru yarım daire şeklinde bir yay çizerek rahatça mümkün olan en alçak pozisyona indirin. Aynı yay boyunca yavaşça başlangıç ​​noktasına geri kaldırın ve gerekli tekrar sayısı kadar tekrarlayın."
Deadhang,Arms,Vücut Ağırlığı,İster ağırlık eklenerek ister eklenmeden bir kenar üzerinde yapılan asılı kalma hareketi (zorluğu ayarlamak için kenarı veya ağırlığı ayarlayın)
Cycling,Cardio,none (bodyweight exercise),"Bisiklet sürmek, ulaşım, eğlence, egzersiz veya spor amacıyla bisiklet kullanımını ifade eder. Bisiklet süren kişilere bisikletçi, bisiklet sürücüsü veya bisikletçi denir. İki tekerlekli bisikletlerin yanı sıra, tek tekerlekli bisikletler, üç tekerlekli bisikletler, dört tekerlekli bisikletler, yatay bisikletler ve benzeri insan gücüyle çalışan araçların sürülmesi de bisiklet sürmeyi kapsar."
Cable Woodchoppers,Abs,Vücut Ağırlığı,"Kablo makarasını göğüs hizasından biraz daha aşağıya ayarlayın. Kalçalarınız sabit kalacak şekilde vücudunuzu öne doğru tutun. Makaranın kolunu kavrayın, kollarınızı tamamen uzatın ve kollarınızı öne ve vücudunuzun karşısına doğru getirin. Hareketin sonunda 1 saniye bekleyin ve yavaşça başlangıç ​​pozisyonuna dönün."
Deadbug,Abs,Vücut Ağırlığı,"Sırt üstü yatın, kalçalarınızı ve dizlerinizi 90° bükün. Her iki kolunuzu da tavana doğru kaldırın. Belinizi yere doğru çekerek aradaki boşluğu kapatın. Bir bacağınızı öne doğru uzatarak ve topuğunuzu yere değdirerek başlayın. Dunham, ""Bir bacağınızı uzatırken, belinizi yere yapışık tutarak olabildiğince nefes verin"" diyor. Artık nefes veremediğinizde, dizinizi başlangıç ​​pozisyonuna geri çekin. Bunu daha zor hale getirmek için ellerinizde ağırlık tutabilir veya zıt kol ve bacağınızı aşağı indirebilirsiniz."
Chin Up,Back,Pull-up bar,"Çene çekme (chin-up olarak da bilinir), bir kuvvet antrenmanı egzersizidir. İnsanlar bu egzersizi sıklıkla, sırasıyla omuzu uzatan latissimus dorsi ve dirseği büken biseps gibi kasları güçlendirmek amacıyla yaparlar. Bu manevrada avuç içleri vücuda dönüktür. Hareket aralığının kişinin çenesine göre belirlendiği bir çekme hareketidir."
Facepull,Shoulders,Vücut Ağırlığı,"Göğüs hizasına ayarlanmış bir makara istasyonuna bir ip bağlayın.

Ağırlığı tamamen uzatılmış kollarınızla destekleyecek şekilde geriye doğru adım atın ve bir ayağınız önde olacak şekilde (bir ayağınız önde) kademeli bir duruş alın. Dengeli bir taban için dizlerinizi hafifçe bükün.

Kürek kemiklerinizi geriye doğru çekin (partnerinizin parmağını kürek kemiklerinizle sıkıştırın) ve ipin ortasını hafifçe yüzünüze doğru çekin. İyi bir ipucu, sadece geriye doğru çekmek değil, ipin uçlarını birbirinden ayırmayı düşünmektir.

Yüzünüze yaklaşırken, eklemleriniz tavana bakacak şekilde dışa doğru döndürün.

En üst pozisyonda bir saniye bekleyin ve yavaşça indirin."
Reverse EZ Bar Cable Curls,Arms,SZ-Bar,SZ Bar kullanarak kablo kulesinin önünde durmak
Machine chest fly,Chest,Vücut Ağırlığı,"Oturarak yapılan egzersiz makinesi, düz sırt, yavaş egzersiz."
Dumbbells on Scott Machine,Arms,Vücut Ağırlığı,Açıklama Bulunamadı!
Hyperextensions,Back,Vücut Ağırlığı,"Göbeğiniz ön kenarda olacak şekilde hiperekstansiyon yastığına uzanın, üst vücudunuzun serbestçe sarkmasına izin verin. Tüm sırt kaslarınızı sıkın ve gövdenizi yatay konuma gelene kadar kaldırın, ancak daha yukarı kaldırmayın. Kasların sürekli hareketini koruyarak kendinizi yavaşça indirin."
High Knee Jumps,Cardio,Vücut Ağırlığı,"-Bacaklarınızı omuz genişliğinden biraz daha açık açarak başlayın.

-Vücut ağırlığınızla çömelme pozisyonuna geçin.

-Çömelmenin en alt noktasına ulaştığınızda, aynı anda dizlerinizi göğsünüze doğru çekerek yukarı doğru sıçrayın. Sıçramanın en üst noktasına kadar dizlerinizi göğsünüze doğru bükük tutun.

-Her iki ayağınızın üzerine inin, eklemlerinize aşırı yük bindirmemek için dizlerinizin kilitli olmadığından emin olun. Bir sonraki tekrara olabildiğince hızlı ama kontrollü bir şekilde geçin."
Barbell Hip Thrust,Legs,Barbell,"Arkanıza bir bank koyarak yere oturun, dizlerinizi bükerek ayaklarınızı yere sabitleyin ve kalçalarınızın altında bir halter tutun. Eğer minderli bir halteriniz varsa veya halter ile vücudunuz arasına herhangi bir şey koyabiliyorsanız, egzersizi çok daha rahat hale getirecektir."
BUS DRIVERS,Shoulders,Vücut Ağırlığı,"Ağırlık plakasını tekerlek gibi kullanarak iki elinizle, göz hizasının biraz altında tutarak oturuyorsunuz."
Hand Grip,Arms,Vücut Ağırlığı,Önkol kaslarını geliştirmek için krom el esnetme aparatı
"Hip Raise, Lying",Back,none (bodyweight exercise),"Sırt üstü uzanın, ayaklarınız yere düz bassın. Kalçalarınızı eşit şekilde olabildiğince yukarı kaldırın ve yapabildiğiniz kadar uzun süre bu pozisyonda kalın."
Hercules Pillars,Arms,Vücut Ağırlığı,"Ortadan iki kabloyu kavrayın, her ikisine de gerilim uygulayın ve sabit tutun."
Hip Thrust,Legs,"Barbell, Bench","Barı doğrudan üst uyluğunuza, kasıklarınızın hemen altına yerleştirin. Ayaklarınız dizlerinizin hemen altında olmalı. Kalçalarınızı yukarı doğru iterek dizlerinizden omuzlarınıza kadar düz bir çizgi oluşturun. Rahatlık için bir minder kullanın."
High Pull,Shoulders,Vücut Ağırlığı,"Hafif bir halter kullanarak, diz kapağının altından başlayarak patlayıcı bir şekilde yukarı kaldırın. Kalçalarınızı kullanarak omuz hizasında patlayıcı bir şekilde kaldırın/yükseltin. Tempo: 2111"
Hollow Hold,Abs,"Gym mat, none (bodyweight exercise)","Bir matın üzerine sırt üstü uzanın. Karın kaslarınızı kasın, sırtınızı ve bacaklarınızı gerin ve yukarı kaldırın (başınız ve omuzlarınız da yukarı kalkmış olmalı). Belinizin alt kısmının matla temas halinde kalmasına dikkat edin."
Rope Pullover/row,Back,Incline bench,"Kablo çekme makinesinin önüne bir sehpa kurun. Sehpaya doğru eğilerek, sırt kaslarını hedefleyen bir ip yardımıyla kürek çekme/çekme hareketi yapın. Resme bakın."
Single arm row,Back,Incline bench,"Yere oturarak, tek tutuşla yüksek bir kablo kullanarak, sırt kaslarını uzun süre germeye odaklanarak lat pulldown hareketini yapın."
Barbell Clean and press,Shoulders,Dumbbell,"Bu egzersiz, bir halterin yerden omuzlara kaldırılmasını ve ardından baş üstüne doğru itilmesini içerir. Bacaklar, sırt, omuzlar ve kollar dahil olmak üzere birden fazla kas grubunu hedefleyen bileşik bir harekettir. Genellikle genel gücü ve atletik performansı artırmak için kuvvet ve kondisyon programlarında kullanılır."
Incline Dumbbell Row,Back,"Dumbbell, Incline bench","1. Nötr bir tutuşla eğimli bir sehpaya yaslanın.

2. Her iki elinize de nötr bir tutuşla birer dambıl alın, kollarınız düz olacak şekilde başlayın. Bu sizin başlangıç ​​pozisyonunuz olacak.

3. Omuz kürek kemiklerinizi geriye çekin ve dirseklerinizi bükerek dambılları yanınıza doğru çekin.

4. Hareketin en üst noktasında kısa bir süre bekleyin ve ardından başlangıç ​​pozisyonuna dönün."
Good Mornings,Legs,Vücut Ağırlığı,Açıklama Bulunamadı!
Front Plate Raise,Shoulders,Vücut Ağırlığı,"Plaka ön kaldırma, halter ön kaldırmanın bir varyasyonudur; burada kaldırıcı, halter, barbel veya başka bir ağırlık yerine iki el arasında bir ağırlık plakası tutar. Omuz odaklı kas geliştirme antrenmanında veya üst vücut veya tüm vücut devre antrenmanının bir parçası olarak çeşitlilik sağlayabilir.

1. Dik dururken, her iki elinizle saat 3 ve 9 pozisyonlarında bir halter plakası tutun. Avuç içleriniz birbirine bakmalı ve kollarınız dirseklerinizde hafif bir bükülme ile uzatılmış ve kilitlenmiş olmalı ve plaka bel hizasında, önünüzde olabildiğince aşağıda olmalıdır. **İpucu**: Kollar egzersiz boyunca bu pozisyonda kalacaktır. Bu sizin başlangıç ​​pozisyonunuz olacaktır.

2. Nefes verirken plakayı yavaşça omuz seviyesinin biraz üzerine kadar kaldırın. Kasılmayı bir saniye tutun. Nefes alırken, plakayı yavaşça başlangıç ​​pozisyonuna indirin.

3. Önerilen tekrar sayısı kadar tekrarlayın."
Smith Press,Shoulders,Incline bench,Neredeyse 90 derecelik bir açıyla duran smith makinesi
Isometric Wipers,Chest,none (bodyweight exercise),"Şınav pozisyonu alın, elleriniz omuz genişliğinden biraz daha açık olsun.

Vücut ağırlığınızı mümkün olduğunca bir tarafa kaydırın, o taraftaki dirseğinizin bükülmesine izin verin.

Hareketi tersine çevirerek tamamen diğer tarafa geçin.

Başlangıç ​​pozisyonuna dönün ve istediğiniz tekrar sayısına kadar tekrarlayın."
Jumping Jacks,Legs,Vücut Ağırlığı,"ABD ordusunda yan yana sıçrama olarak da adlandırılan jumping jack veya star jump, bacaklar genişçe açılmış ve eller başın üzerinde, bazen de alkış şeklinde, bir pozisyona sıçrayarak ve ardından ayaklar birleşik ve kollar yanlarda olacak şekilde geri dönerek yapılan fiziksel bir sıçrama egzersizidir."
Landmine press,Shoulders,Barbell,Açıklama Bulunamadı!
Cable Cross-over,Chest,Vücut Ağırlığı,"Kabloları omuz hizasında, her elinizde birer tane olacak şekilde tutarak başlayın. Denge sağlamak ve kablolarda gerilim oluşturmak için bir ayağınız diğerinin önüne gelecek şekilde bir adım öne atın. Ellerinizi önünüzde birleştirin. Ellerinizi birkaç santim üst üste getirmeye çalışın (böylece kablolar birbirini çaprazlasın)."
Jogging,Cardio,Vücut Ağırlığı,"Ayakkabılarınızı giyin, dışarı çıkın ve orta tempoda koşmaya başlayın."
"Long-Pulley, Narrow",Back,Vücut Ağırlığı,"Egzersiz, normal uzun makara egzersiziyle aynıdır, ancak dar bir tutuşla yapılır:

Oturun, ayaklarınızı destek noktalarına koyun ve barı geniş bir tutuşla kavrayın. Ağırlığı hızlı bir hareketle göbek deliğinize doğru çekin, yukarıya doğru değil. Hareket boyunca kollarınızı ve dirseklerinizi vücudunuza yakın tutun. Omuzlarınız birbirine yakın olmalı. Kollarınız tamamen gerilene kadar ağırlığı yavaşça indirin."
Straight Bar Cable Front Raise,Shoulders,SZ-Bar,"Kablo kulesine geri dön, bacaklar arasındaki kablo, SZ Bar"
Quadriped Arm and Leg Raise,Back,none (bodyweight exercise),"Bu egzersizde, emekleme pozisyonunda çaprazlanmış kol ve bacağı aynı anda kaldırarak sırt kasları, bacağın arkası ve kolun arkası kasları aktive edilir. Ayrıca dengeyi ve propriosepsiyonu da geliştirir. Hareket simetrik olarak yapılır.
1. Emekleme pozisyonuna geçin. 2. Karnınızı içeri çekin, ardından sağ bacağınızı ve sol kolunuzu kaldırın. 3. Karnınızı 8 saniye boyunca içeri çekin. 4. 8 saniye sonra, kolunuzu ve bacağınızı yavaşça indirin. 5. Ardından kaslarınızı gevşetin."
Long-Pulley (low Row),Back,Vücut Ağırlığı,"Oturun, ayaklarınızı destek noktalarına koyun ve barı geniş bir kavrama ile tutun. Ağırlığı hızlı bir hareketle göbek deliğinize doğru çekin, yukarıya doğru değil. Hareket boyunca kollarınızı ve dirseklerinizi vücudunuza yakın tutun. Omuzlarınız birbirine yaklaşsın. Kollarınız tamamen gerilene kadar ağırlığı yavaşça indirin."
Lying Rotator Cuff Exercise,Shoulders,Dumbbell,"Bu egzersiz, levator kaslarındaki sorunlar için tasarlanmıştır. Birincil kas: İnfraspinatus, ikincil kas: Teres Minor.

Yan yatın. Dirseğinizi belinize koyun ve 90 derecelik bir açıda tutun. Karnınıza doğru dönün. Uygun olduğunuz ölçüde ağırlık ekleyin."
Muscle up,Back,Pull-up bar,"Vücut daha sonra, normal bir barfiks hareketinden daha yüksek bir hızla, kollar tarafından patlayıcı bir şekilde yukarı çekilir (radyal barfiks). Bar üst göğse yaklaştığında, bilekler hızla bükülerek ön kollar barın üzerine getirilir. Vücut öne doğru eğilir ve triseps kasları aktive edilerek dirsekler düzleştirilir. Bar bel hizasında ve kollar tamamen düz olduğunda hareket tamamlanmış sayılır.

İniş için, kollar dirseklerden bükülür ve vücut yere indirilir ve egzersiz tekrarlanabilir.

Nispeten ileri seviye bir egzersiz olan muscle-up, genellikle önce yardımcı bir kip ile öğrenilir. Bacaklar yukarı doğru sallanır (kip) ve barın üzerine çıkmak için gereken patlayıcı yukarı doğru kuvvete yardımcı olmak için ivme sağlar. Daha ileri seviye sporcular, kip olmadan yavaşça yapılan muscle-up'ın katı bir varyasyonunu gerçekleştirebilirler. Bu varyasyon, hareketsiz bir şekilde asılı kalma ile başlar ve yavaş, kontrollü bir şekilde barın üzerine çıkmak için izometrik kas kasılması kullanır."
L Hold,Abs,Vücut Ağırlığı,L pozisyonunu mümkün olduğunca uzun süre koruyun.
Prone Scapular Retraction - Arms at Side,Back,Vücut Ağırlığı,"Yüzüstü yatın, başınızı havluya koyun.

Kollarınızı yanlara doğru düz bir şekilde uzatın.

Kollarınızı yavaşça kaldırın, kürek kemiklerinizi birbirine yaklaştırın ve 3 saniye boyunca bu pozisyonda kalın."
Pike Push Ups,Arms,none (bodyweight exercise),Pike pozisyonunda yapılan şınav (ayakların yukarıda olması isteğe bağlıdır).
Seated Dumbbell Side Lateral,Shoulders,Dumbbell,Egzersizin başında hafifçe öne eğilmiş şekilde oturulur.
Overhand Cable Curl,Abs,Vücut Ağırlığı,"Eller omuz hizasında, kollarınızı başınıza doğru kıvırın, sonra tekrar açın."
Reverse Curl,Arms,"Barbell, Dumbbell","Ters tutuşlu halter kıvırma, avuç içlerinin aşağıya baktığı bir pazı kıvırma varyasyonudur. Avuç içi alttan tutuştan üstten tutuşa geçiş, önkol ve brakial kasları egzersize daha fazla dahil eder."
T-Bar row,Back,Barbell,"Üçgen kavrama ile öne eğilmiş, dizler hafifçe bükülmüş."
Front Wood Chop,Back,Vücut Ağırlığı,Açıklama Bulunamadı!
Roman Chair,Abs,Vücut Ağırlığı,Roma sandalyesinde karın egzersizleri
Modified pulldown,Back,Incline bench,"Çekme makinesinin önüne eğimli bir sehpa yerleştirerek, dar tutuşla sırt kaslarına odaklı çekme hareketleri yapın."
Dumbbell Bent Over Face Pull,Back,Dumbbell,"Bu egzersiz, üst sırt ve omuzları hedefleyen, öne eğilerek yapılan yüz çekme hareketinde dambılların kullanılmasını içerir. Hareket, dirsekleri yukarıda tutarak ve kürek kemiklerini birbirine yaklaştırarak ağırlıkları yüze doğru çekmeyi içerir."
Doorway Pectoral Stretch,Chest,none (bodyweight exercise),"1. Ön kolunuzu dikey olarak, baş hizasında bir kapı çerçevesine veya sabit bir nesneye yerleştirin.
2. Kolunuzu nesneye yaslı tutarak, göğsünüzü germek için kolunuzun yanından öne doğru bir adım atın."
Run,Cardio,Vücut Ağırlığı,"Parkta, pistlerde veya açık havada koşmak ya da tempolu yürüyüş yapmak..."
Incline Bench Press - MP,Chest,Vücut Ağırlığı,Açıklama Bulunamadı!
Reverse Plank,Abs,Vücut Ağırlığı,Karın tavana dönük şekilde plank pozisyonu.
Side Dumbbell Trunk Flexion,Abs,Dumbbell,"Diğer adıyla dambıl yan bükme hareketi. Kalça hizasında, dizleriniz hafifçe bükülü olarak durun, omurganızın doğal eğriliğini koruyun, ellerinizi vücudunuza doğru uzatın, dambılı tek elinizle kavrayın. Gövdenizi yavaş ve kontrollü bir şekilde yana doğru bükerek yaklaşık 45°'lik bir açıya ulaşana kadar hareket ettirin."
Side-lying External Rotation,Shoulders,Vücut Ağırlığı,"Bir elinize ağırlık alarak, ağırlığın karşısına gelecek şekilde yanınıza yatın. Dizlerinizi hafifçe bükük tutun. Dirseğinizi yanınıza yaslayın ve üst kolunuzu düz bir şekilde önünüze uzatın. Dirseğinizi yanınıza yaslamaya devam ederken, üst kolunuzu 90 derece yukarı doğru döndürün.

Bu egzersizde doğru formu sağlamak için koltuk altınıza bir havlu koymak faydalı olacaktır. Egzersiz süresince başınızın altına bir destek koymak da iyi bir fikirdir."
Skipping - Standard,Cardio,Vücut Ağırlığı,"İpi her sallayışınızda tek veya çift ayakla zıplayın.

Ayak parmak uçlarınızda hafifçe zıplayarak, akıcı ve ritmik bir hareket üzerinde çalışın."
Side Bends on Machine,Abs,Dumbbell,Açıklama Bulunamadı!
Stationary Bike,Cardio,Vücut Ağırlığı,Çeşitli gerilim seviyelerinde sabit bisiklet sürün.
Tricep Dumbbell Kickback,Arms,Dumbbell,"1. Her iki elinize birer dambıl alın ve avuç içleriniz gövdenize dönük olsun. Sırtınızı düz tutun, dizlerinizi hafifçe bükün ve belinizden öne doğru eğilin. Gövdeniz neredeyse yere paralel olmalıdır. Başınızı yukarıda tutmaya dikkat edin. Üst kollarınız gövdenize yakın ve yere paralel olmalıdır. Ağırlıkları tutarken ön kollarınız yere doğru bakmalıdır. Ön kolunuz ve üst kolunuz arasında 90 derecelik bir açı oluşmalıdır. Bu başlangıç ​​pozisyonunuzdur.

2. Şimdi, üst kollarınızı sabit tutarken, nefes verin ve triseps kaslarınızı kullanarak ağırlıkları kolunuz tamamen uzayana kadar kaldırın. Ön kolunuzun hareketine odaklanın.

3. En üst kasılma noktasında kısa bir duraklamadan sonra, nefes alın ve dambılları yavaşça başlangıç ​​pozisyonuna indirin.

4. Hareketi belirtilen tekrar sayısı kadar tekrarlayın.

**Varyasyonlar:** Bu egzersiz, tek kollu kürek çekme hareketine benzer şekilde, tek kolla da yapılabilir.

Ayrıca, tek kollu egzersizi tercih ediyorsanız, daha iyi bir tepe kasılma performansı için dambıl yerine alçak bir makara kolu kullanabilirsiniz. Bu durumda, avuç içleri gövdeye (nötr tutuş) değil, yukarıya (supine tutuş) bakmalıdır."
Superman,Back,Gym mat,"Yere yüzüstü uzanın, kollarınızı önünüze doğru uzatın, bacaklarınız düz bir şekilde yerde olsun. Sanki uçuyormuş gibi kollarınızı ve bacaklarınızı aynı anda kaldırın ve belinizi kasın. Nefes alıp vermeye dikkat edin ve kondisyon seviyenize bağlı olarak, hareketi her tekrarda en az iki ila beş saniye boyunca sürdürün."
Triceps on Machine,Arms,Vücut Ağırlığı,"Oturun ve barı ellerinizle sıkıca tutun. Şimdi ağırlığı yukarı doğru itin (kollarınızı tamamen uzatmayın) ve yavaşça tekrar indirin. Diğer triseps egzersizlerinde olduğu gibi, üst kollarınızı hareket ettirmemek önemlidir."
Standing Rope Forearm,Arms,Vücut Ağırlığı,"Ayaklarınız omuz genişliğinde açık olacak şekilde ayakta dururken, iki elinizle bir bilek silindir aleti tutun. Spor salonunuzda bilek silindir aleti yoksa, kolayca kendiniz yapabilirsiniz. İhtiyacınız olanlar 2,5 veya 4,5 kg'lık bir ağırlık plakası, yaklaşık 90 cm uzunluğunda ince ve sağlam bir ip ve 15-20 cm uzunluğunda bir çubuk veya bar. İpi çubuğun/barın ortasına sağlam bir şekilde bağlayın ve ipin diğer ucunu ağırlık plakasına bağlayın. Bu egzersize başlamak için, çubuğu/barı iki elinizle üstten kavrama yöntemiyle tutun. Her iki kolunuzu da yere paralel olacak şekilde önünüze doğru uzatın. Ardından, elleriniz ve bileklerinizle çubuğu/barı hızla çevirerek ağırlığı yerden yukarı doğru yuvarlayın. Ağırlık en üst noktaya ulaştığında, ellerinizin ve bileklerinizin hareketini tersine çevirerek plakayı yavaşça yere indirin. Tekrarlayın (yapabiliyorsanız!)."
Turkish Get-Up,Abs,Dumbbell,"Sırt üstü yatarak başlayın, bir elinize dambıl alarak ayakta durma pozisyonuna geçin. Tekrarlar arasında elinizi değiştirin."
SEATED CABLE MID TRAP SHRUG,Back,Vücut Ağırlığı,"Sırtı dik oturarak, üst kısımda hafifçe tutarak."
Curl with kettlebell two hands,Arms,Kettlebell,"Dik durun ve kettlebell'i iki elinizle kavrayın. Dirseklerinizi tamamen uzatılmış pozisyondan başlayarak, elleriniz omuz hizasına gelene kadar dirsek bükme hareketini gerçekleştirin. Denge sağlamak için bacaklarınızı biraz açın ve egzersizi doğru bir şekilde yapmak için sırtınızla veya genel olarak vücudunuzla itmemeye çalışın. Zorluğu ayarlamak için kettlebell'in ağırlığını değiştirin."
Power Clean,Chest,Barbell,Olimpik halter
Weighted Step-ups,Legs,Vücut Ağırlığı,Barbell ve her iki tarafta 45 kiloluk ağırlıklarla kutu üzerine adım atma egzersizi.
Upper External Oblique,Chest,Pull-up bar,Üst dış oblik kasları için egzersiz
Trunk Rotation With Cable,Abs,Vücut Ağırlığı,Kablo ile oturarak gövde döndürme
Wall Slides,Back,none (bodyweight exercise),"Topuklarınız, omuzlarınız, başınızın arkası ve kalçalarınız duvara değecek şekilde durun. Pazılarınız düz ve dirsekleriniz 90 derece açıda olacak şekilde başlayın. Sırtınızı duvardan ayırmadan, duvara yaslı kalarak kollarınızı düzleştirin, omuz presi hareketini taklit edin."
Overhead Press,Chest,Barbell,Açıklama Bulunamadı!
Elevated prayer stretch,Back,Bench,"**Başlangıç ​​pozisyonu:**
Bir bankın önünde diz çökün, gövdeniz dizlerinizle bank arasına sığacak kadar mesafe bırakın. Sırtınız düz olacak şekilde, dirseklerinizi banka koyun, avuç içleriniz birbirine bakacak şekilde, elleriniz yukarı doğru baksın.

**Adımlar:**

1. Nefes verirken, belinizi hareket ettirmeden göğsünüzü yere doğru uzatın. Aynı anda, avuç içleriniz birbirine bakacak ve dirsekleriniz bankta kalacak şekilde ellerinizi omuzlarınıza doğru getirin.

2. Birkaç saniye bekleyin.

3. Nefes alırken, sırtınızı gevşeterek başlangıç ​​pozisyonuna dönün.

4. Tekrarlayın."
Quadruped thoracic rotation left,Back,none (bodyweight exercise),"**Başlangıç ​​pozisyonu:**
Dizleriniz omuz genişliğinde açık olacak şekilde dört ayak üzerinde durun. Sağ elinizi uzatıp yere değdirirken sol elinizi başınızın arkasına koyun.

**Adımlar:**

1. Nefes alırken, sol dirseğinizi sağ elinize doğru hareket ettirin, sol elinizi başınızın arkasında tutun.

2. Nefes verirken, sol dirseğinizi tavana doğru yukarı doğru hareket ettirin.

3. Tekrarlayın."
Quadruped thoracic rotation right,Back,none (bodyweight exercise),"**Başlangıç ​​pozisyonu:**

Dizleriniz omuz genişliğinde açık olacak şekilde dört ayak üzerinde durun. Sol elinizi uzatıp yere değdirirken sağ elinizi başınızın arkasına koyun.

**Adımlar:**

1. Nefes alırken, sağ dirseğinizi sol elinize doğru hareket ettirin, sağ elinizi başınızın arkasında tutun.

2. Nefes verirken, sağ dirseğinizi tavana doğru yukarı doğru hareket ettirin.

3. Tekrarlayın."
Plate twist,Abs,Gym mat,"Adım 1: Bacaklarınız önünüzde uzatılmış şekilde bir egzersiz matının üzerine oturun.

Adım 2: Kollarınızı hafifçe bükerek, direksiyon tutar gibi iki elinizle bir ağırlık plakası kavrayın ve karın kaslarınızın önünde tutun.

Adım 3: Dizleriniz hafifçe bükülü halde, ayak bileklerinizi çaprazlayın ve yavaşça yerden birkaç santim yukarı kaldırın.

Adım 4: Sırtınızı düz tutun, ancak dengeyi korumak için hafifçe geriye doğru eğilin.

Adım 5: Nefes vererek, gövdenizi sağa doğru döndürün (bükün) ve plakanın ucunu yere değdirin.

Adım 6: Nefes alın ve öne bakan başlangıç ​​pozisyonuna geri dönün.

Adım 7: Nefes vererek, gövdenizi sola doğru döndürün (bükün) ve plakanın ucunu yere değdirin.

Adım 8: Nefes alın ve öne bakan başlangıç ​​pozisyonuna geri dönün.

Adım 9: Bir set tamamlayana kadar tekrarlayın."
Hindu Pushups,Shoulders,Vücut Ağırlığı,"Omuz ve göğüs kaslarını güçlendirmek için bir egzersiz. Adını, yoga pozisyonu ""Aşağıya Bakan Köpek""ten alıp, bacaklar veya gövde yere değmeden ""Kobra"" pozisyonuna geçerek normal bir bükülme ile sona ermesinden almaktadır. Egzersiz geriye doğru da (başlangıç ​​pozisyonuna geri) yapılabilir. Bir varyasyon olarak, şınavdan sonra kalça kaldırılarak aşağıya bakan köpek pozisyonuna geri dönülebilir."
Shoulder dislocates,Shoulders,Vücut Ağırlığı,"**Başlangıç ​​pozisyonu:**
Sırtınız dik ve elinizde bir direnç bandı, havlu veya süpürge sapı ile ayakta durun. Ellerinizi vücudunuzun önünde düz bir şekilde ve bandı ellerinizin arasında tutarak, başparmaklarınız aşağıya bakacak şekilde, ellerinizi vücudunuzdan yaklaşık 45 derece açı oluşturacak şekilde birbirinden ayırın. Eğer havlu veya süpürge sapı kullanıyorsanız, üstten kavrama ile tutun.

**Adımlar:**

1. Kollarınızı uzatılmış halde tutarak, omuzlarınızdan dönerek kollarınızı başınızın üzerine ve ardından kalçalarınıza doğru indirin.

2. Omuzlarınızdan ters yönde dönün - başınızın üzerine ve ardından kasıklarınıza doğru.

3. Tekrarlayın."
Bent over row to external rotation,Back,Vücut Ağırlığı,"**Başlangıç ​​pozisyonu:**
Bir sandalyenin arkasında veya bir masanın önünde durun. Belinizi bükerek alnınızı sandalyenin başlığına veya masaya yaslayın, sırtınızı düz tutun. Kollarınız düz bir şekilde aşağı sarkmalı ve yere doğru bakmalıdır.

**Adımlar:**

1. Dirseklerinizi omuz hizasına kaldırın. Ön kollarınız aşağı doğru, pazı kaslarınıza dik olmalıdır. Pazı kaslarınız sırtınızla aynı hizada ve omurganıza dik olmalıdır.

2. Bir süre bekleyin.

3. Dirseklerinizi döndürerek ellerinizi olabildiğince yukarı kaldırın.

4. Bir süre bekleyin.

5. Dirseklerinizi döndürerek önceki pozisyona geri dönün.

6. Kollarınızı başlangıç ​​pozisyonuna indirin.

7. Tekrarlayın."
YWTs,Back,Vücut Ağırlığı,"**Başlangıç ​​pozisyonu:**
Tercihen bir mat üzerinde uzanın. Kollarınızı başınızın üzerinde ""Y"" pozisyonunda (kollar yaklaşık 45 derecelik bir açıyla yukarı doğru çapraz olarak) uzatın. Başparmaklarınız yukarı doğru bakmalıdır.

**Adımlar:**

1. Kollarınız Y pozisyonundayken, göğsünüzü yerden hafifçe kaldırarak kollarınızda yukarı doğru bir çekme gerilimi oluşturun.

2. Bu pozisyonda birkaç saniye (15-30 saniye idealdir) bekleyin.

3. Göğsünüzü yukarıda tutarak, dirseklerinizi bükerek Y pozisyonundan ""W"" pozisyonuna geçin, kollarınız dirseklerden bükülü ve yukarı doğru gerilimi koruyun.

4. Y pozisyonunda beklediğiniz süre kadar bekleyin.

5. Göğsünüz hala yukarıdayken, kollarınızı vücudunuza dik olacak şekilde yana doğru uzatarak ""T"" pozisyonuna geçin.

6. W pozisyonunda beklediğiniz süre kadar bekleyin.

7. T pozisyonundan W pozisyonuna, ardından W pozisyonundan Y pozisyonuna geçin. 8. Tekrarlayın."
Close-grip Press-ups,Chest,none (bodyweight exercise),"Güçlü bir plank pozisyonuna geçin, ellerinizi neredeyse birbirine değene kadar yaklaştırın (resim 1). Dirseklerinizi bükerek göğsünüzü yavaşça yere indirin (resim 2). Dirseklerinizi vücudunuza yakın tutarak patlayıcı bir şekilde yukarı doğru itin. Tekrarlayın. Her tekrarda yavaşça aşağı inmeye ve doğru formu korumaya özen gösterin."
Dumbbell Hang Power Cleans,Back,Dumbbell,"Ayakta durun, dambılları yanlarınızda tutarak dik durun. Kalçalarınızdan bükülerek dambılları dizlerinize indirin (resim 1). Hafif bir sıçrama ile tekrar ayağa kalkın ve momentumu kullanarak dambılları omuzlarınıza çekin (resim 2). Dik durun, ardından kontrollü bir şekilde yanlarınıza indirin ve tekrarlayın. Bunu hızlı ve patlayıcı bir şekilde yapın; kalp atış hızınız tavan yapmazsa, yanlış yapıyorsunuz demektir."
Dumbbell sumo deadlift,Legs,Dumbbell,"Dambılı bacaklarınızın arasına yere indirin. Geniş bir duruş alın ve sırtınız düz olacak şekilde çömelin. Dambıl dik dururken, ""başının"" üst kısmından kavrayın (resim 1). Göğsünüzü yukarıda ve karın kaslarınızı sıkı tutarak, yerden iterek tekrar ayağa kalkın (resim 2). Tekrarlayın. 20-30 tekrarı kolayca yapabiliyorsanız, iki dambıl kullanın."
Medicine ball twist,Abs,Swiss Ball,"Oturma pozisyonunda, gövde zorlamadan yanlara doğru döndürülür, dizler birbirine yaklaştırılır ve top zaman zaman yere değdirilir."
Vpushup,Abs,none (bodyweight exercise),Kollarınızı yukarı doğru iterek vücudunuzu yerden kaldırın.
Plank Shoulder Taps,Abs,Gym mat,"Doğru plank pozisyonunda, ayaklarınızı omuz genişliğinden biraz daha açık açın. Bir elinizle diğer omzunuza sırayla dokunun."
Unilateral Cable row,Back,Incline bench,"Kablo çekme makinesinin önüne eğimli bir sehpa yerleştirerek, sırt kaslarınızı iyice germeye odaklanarak tek elle kürek çekme hareketini yapın."
Dumbbell Front Squat,Legs,Dumbbell,"Bu egzersiz, her iki elinizde omuz hizasında birer dambıl tutarak çömelme hareketini içerir. Bu egzersiz, uyluk, arka bacak ve kalça kasları da dahil olmak üzere alt vücut kaslarını hedef alırken, aynı zamanda karın ve üst vücut kaslarını da çalıştırır."
Kettlebell One Legged Deadlift,Legs,"Dumbbell, Kettlebell","Bu egzersiz, bir elinizde kettlebell tutarak ve tek bacak üzerinde durarak öne eğilip kettlebell'i yere değdirmeyi içerir. Diz arkası kaslarını, kalça kaslarını ve bel bölgesini çalıştırırken aynı zamanda denge ve istikrarı da geliştirir."
Dumbbell Hip Thrust,Legs,Dumbbell,"Bu egzersiz, yere oturup kalçaların üzerine bir dambıl yerleştirdikten sonra kalçaları yukarı doğru iterek kalça kaslarını sıkmayı içerir. Kalça kaslarını güçlendirmek ve kalça hareketliliğini artırmak için harika bir egzersizdir."
Dumbbell Shrug,Shoulders,Dumbbell,"Bu egzersiz, her iki elinize birer dambıl alıp omuzlarınızı kulaklarınıza doğru yukarı kaldırıp sonra tekrar aşağı indirmeyi içerir. primarily olarak sırtın üst kısmındaki trapez kaslarını hedef alır ve duruşu ve omuz stabilitesini iyileştirmeye yardımcı olabilir."
Weighted Crunch,Abs,Dumbbell,"Ağırlıklı Mekik, karın kaslarının çalışmasının yoğunluğunu artırmak için direnç (ağırlık) eklemeyi içeren klasik mekik egzersizinin bir varyasyonudur.

1. Yere uzanın.
2. (İsteğe bağlı) Zorluğu artırmak için dizlerinizi bükün.
3. (İsteğe bağlı) Dizlerinizi bükün ve ayaklarınızı bir banka, kutuya veya benzeri bir şeye yaslayın (dizleriniz 90 derece açıda olmalı).
4. Başınızı ve gövdenizi **sırtınızı öne doğru bükerek** kaldırın (eğer bunu yapmazsanız, bu bir mekik olur ve bazı sırt kaslarını da çalıştırır). Ne kadar yukarı çıkarsanız, karın kaslarınızın o kadar çok kasıldığını hissetmelisiniz.
5. Başlangıç ​​pozisyonuna geri dönün ve tekrarlayın."
Concentration Curl,Arms,Dumbbell,"Bu egzersiz, bir elinizde dambıl tutarak üst kolunuzu sabit tutarken dambılı omuz hizasına doğru kıvırmayı içerir. Başlıca hedef kası pazı kasıdır."
Dumbbell Side Bend,Abs,Dumbbell,"Bu egzersiz, bir elinizde dambıl tutarak yana doğru eğilmeyi ve vücudun yan tarafındaki oblik kaslarını çalıştırmayı içerir. Ayakta veya oturarak yapılabilir ve genellikle karın kaslarını güçlendirme egzersizi olarak kullanılır."
Dumbbell Rear Lunge,Legs,Dumbbell,"Bu egzersiz, her iki elinize birer dambıl alarak geriye doğru hamle pozisyonuna geçmeyi ve ardından ayakta durma pozisyonuna dönmeyi içerir. Başlıca kalça, diz arkası ve uyluk kaslarını hedef alır."
Dumbbell Side Squat,Legs,Vücut Ağırlığı,"Bu egzersiz, bir elinizde dambıl tutarak yana doğru adım atarak çömelme hareketini yapmayı içerir. Bacak, kalça ve karın kaslarını hedef alır."
Machine lateral wise,Shoulders,Gym mat,"Makineyle yapılan yan omuz kaldırma hareketi, daha geniş ve belirgin omuzlar oluşturmak için medial (yan) deltoid kasını hedefleyen izole bir egzersizdir. Makinenin sabit hareket yolu, dambıllara göre daha fazla denge sağlar; bu da onu yeni başlayanlar veya yalnızca kas aktivasyonuna odaklanmak isteyenler için ideal hale getirir."
Machine Chest Press Exercise,Chest,Gym mat,"Göğüs presi, üst vücudunuzu çalıştırmak için etkili ancak basit bir yol sunar. Dengelemeniz gereken ağırlıklar veya ustalaşmanız gereken karmaşık teknikler olmadığı için, antrenmanınıza odaklanmanıza olanak tanır."
Walking,Cardio,none (bodyweight exercise),"İster açık havada ister kapalı alanda yürüyün, dakikada en az 100 adım atmaya çalışın."
Flexión lateral,Abs,Dumbbell,"Bir elinize ağırlık alın, kolunuzu aşağı doğru uzatın, diğer kolunuzu bükün ve elinizi başınızın arkasına koyun. Şimdi, gövdenizi yukarı ve aşağı doğru döndürerek ağırlık tuttuğunuz elinizi yere indirin."
Dumbbell Romanian Deadlift,Legs,Dumbbell,"Bu egzersiz, her iki elinize birer dambıl alıp sırtınızı düz tutarak kalçalarınızdan öne doğru eğilmeyi ve ardından tekrar dik pozisyona dönmeyi içerir. Başlıca hedef kas grupları arasında hamstringler ve kalça kasları bulunur."
Incline Skull Crush,Arms,Vücut Ağırlığı,"45 derecelik açıyla oturarak, DB kullanarak eğimli kafa ezme egzersizi yapın."
Rear Delt Raise,Shoulders,Dumbbell,"Yere dambılları koyarak bir banka oturun, 45 derece öne eğilin ve ardından her bir dambılı yavaşça omuz hizasına kadar kaldırın ve birkaç saniye bu pozisyonda bekledikten sonra başlangıç ​​pozisyonuna indirin."
Front neck stretch,Back,none (bodyweight exercise),"Başlangıç ​​pozisyonu:

Sırtınız dik olacak şekilde oturun veya ayakta durun.

Adımlar:

1. Ağzınızı iyice açın.

2. Ağzınız açıkken başınızı yavaşça geriye doğru eğin. Destek ihtiyacı duyarsanız, ellerinizi başınızın arkasına koyun.

3. Ağzınızı çok yavaşça kapatıp açın.

4. Sonunda, yavaşça başlangıç ​​pozisyonuna dönün ve ağzınızı kapatın."
2 Handed Kettlebell Swing,Abs,Kettlebell,İki Elle Rus Stili Kettlebell Sallama
Rowing Machine,Cardio,none (bodyweight exercise),Sırtınız dik olacak şekilde kürek çekme makinesine oturun.
Seated Bench Press,Chest,Bench,"Göğüs pres makinesini, oturduğunuzda tutma yerleri alt göğsünüzle hizalanacak şekilde ayarlayın. Sırtınızın koltuğa tamamen yaslanmış olduğundan emin olun. Her iki elinize birer tutma yeri alın, göğsünüzü öne çıkarın ve başınızı baş desteğine yaslayın. Derin nefes alın ve kollarınız neredeyse tamamen uzayana kadar tutma yerlerini yavaşça ileri doğru itin. Kilitlenmeden hemen önce duraklayın, ardından tutma yerlerini yavaşça başlangıç ​​pozisyonuna geri döndürün. Tutma yerleri tamamen durmadan hemen önce duraklayın ve bir tekrar daha yapın."
Bent Over Rowing Reverse,Back,Barbell,"*Normal* kürek çekmeyle aynı, ancak ters tutuşla (avuç içleriniz öne bakacak şekilde):

Barbell'i geniş bir tutuşla (omuz genişliğinden biraz daha geniş) kavrayın ve öne doğru eğilin. Üst bedeniniz yere tam paralel değil, hafif bir açı oluşturuyor. Tüm egzersiz boyunca göğsünüz dışarıda.

Şimdi barbell'i hızlı bir hareketle göbek deliğinize doğru çekin, daha yukarıya değil. Yavaşça başlangıç ​​pozisyonuna inin. Vücudunuzla sallanmayın ve kollarınızı vücudunuza yakın tutun."
Abduction while standing,Legs,none (bodyweight exercise),"Ağırlıklı olarak tek bacak üzerinde dengeli bir duruş eğitimi, her iki taraf için de çok önemlidir. Bir yandan rahatsızlığı önlerken, diğer yandan da sağlam bir temel oluşturur. Uygulayıcı, normal ayakta durma pozisyonunu alır ve üst vücudu sabit tutarak, yüklenmemiş bacağını tekrar tekrar kaldırmaya, kalça ve dizden bükmeye ve ardından tekrar indirmeye çalışır. Hareket diğer tarafta da tekrarlanır. Bu egzersiz, kalçayı çevreleyen kasların stabilitesini geliştirir."
Seated rear delt rise,Back,Dumbbell,"Oturarak, 45 derece öne eğilin. Kollarınızı tamamen uzatın, omuz hizasına kadar kaldırın ve tekrar indirin."
Dynamic side hold,Abs,Kettlebell,"Bir kettlebell'e lastik bant takın ve kettlebell'i lastik banttan tutarak kaldırın. Yanınızda sallanmasına izin verin ve tek bacak üzerinde durun, tutmaya devam ederken bacak değiştirin. Diğer elinizle tekrarlayın."
Wall balls,Legs,Swiss Ball,"Bir egzersiz topu alın, omuz genişliğinde durun, çömelin, topu duvara olabildiğince yükseğe fırlatın ve yakalayın."
Horizontal traction isometry,Abs,Pull-up bar,Barfiks çubuğu üzerinde zamanlı izometrik çekme hareketi yapın.
Alternate back lunges,Legs,none (bodyweight exercise),"Kalçaların arka kasları, hamstringler, soleus ve gastroknemius kasları daha fazla çalıştırılır."
walking bridge,Abs,none (bodyweight exercise),"Dizleriniz hafifçe bükülü ve elleriniz yerde olacak şekilde ayakta durun. Buradan, kalçalarınızı kasılı tutarak ve belinizin kontrolünü kaybetmeden ellerinizi kullanarak öne doğru ilerleyin."
Seated Knee Tuck,Abs,none (bodyweight exercise),Yere veya mindere oturun. Kollarınızı hafifçe arkanıza doğru uzatın. Bacaklarınızı kaldırın. Şimdi bacaklarınızı uzatın ve geriye doğru çekin.
Cable Concentration Curl,Arms,Vücut Ağırlığı,"Konsantrasyon kıvırma hareketi, pazı kaslarını tek tek geliştirmek için klasik bir egzersizdir. Eğilerek veya diz çökerek yapılabilir, ancak daha sıklıkla bir bankta oturarak yapılır. Pazı kasının tepe noktasını vurgulamak için harika bir harekettir ve genellikle pazı antrenmanını bitirmek için kullanılır."
Push-Ups | Incline,Chest,"Bench, Incline bench","Eğimli şınav öncelikle göğüs kaslarını (pektoralis majör ve minör) hedef alır, ancak daha az ölçüde triseps, omuz ve karın kaslarını da çalıştırır. Üst vücut yükseltildiği için, eğimli şınav normal şınava kıyasla triseps kaslarına daha az yük bindirir; bu da özellikle göğüs kaslarını hedeflemek isteyen kişiler için faydalı olabilir."
Push-Ups | Decline,Chest,"Bench, Incline bench","Eğimli şınav, geleneksel şınavın üst vücut kaslarını farklı bir şekilde hedefleyen, modifiye edilmiş bir versiyonudur. Eğimli şınav yapmak için, ayaklarınızı bir bank, sandalye veya basamak gibi yüksek bir yüzeye koyun ve ellerinizi şınav pozisyonunda yere yerleştirin. Omuzlarınızdan ayak bileklerinize kadar düz bir çizgi koruyarak vücudunuzu yere doğru indirin ve ardından başlangıç ​​pozisyonuna geri itin.
Eğimli şınavdan farklı olarak, eğimli şınav omuz ve triseps kaslarına daha fazla vurgu yaparken, göğüs kaslarını daha az ölçüde çalıştırır. Ayaklarınızı yükselterek, üst vücudunuza daha fazla ağırlık bindirerek egzersizin zorluğunu artırırsınız ve omuzlarınızın ve triseps kaslarınızın vücudunuzu yukarı itmek için daha çok çalışmasını sağlarsınız. Eğimli şınav, üst vücut gücünüzü zorlamak ve diğer şınav varyasyonlarını yapma yeteneğinizi geliştirmek için harika bir yol olabilir. Herhangi bir egzersizde olduğu gibi, doğru formu kullandığınızdan ve gücünüze ve kondisyon seviyenize uygun bir yükseklikle başladığınızdan emin olun."
Push-Ups | Parallettes,Chest,Vücut Ağırlığı,"Paralel çubuk şınavı, eller paralel çubuklar (paralel çubuklar) üzerinde olacak şekilde yapılan geleneksel şınavın bir varyasyonudur. Paralel çubuk şınavı yapmak için, elleriniz paralel çubuklar üzerinde ve ayaklarınız yerde olacak şekilde şınav pozisyonu alın. Dirseklerinizi yanlarınıza yakın tutarak vücudunuzu yere doğru indirin ve ardından başlangıç ​​pozisyonuna geri itin.
Paralel çubuk şınavı, omuz ekleminde daha geniş bir hareket aralığına izin verdiği için geleneksel şınava kıyasla göğüs ve omuzlara daha fazla vurgu yapar. Bu artan hareket aralığı, omuz stabilitesini ve hareketliliğini de iyileştirmeye yardımcı olabilir. Ek olarak, paralel çubuk şınavı, paralel çubukların dengesizliği nedeniyle doğru formu korumak için karın kaslarının daha fazla aktive edilmesini gerektirdiğinden, geleneksel şınava göre karın kaslarını daha fazla çalıştırır.
Paralel çubuklar üzerinde denge kurmanın ek zorluğu, daha fazla üst vücut gücü ve kontrolü gerektirir; bu da paralel çubuk şınavını geleneksel şınavın daha gelişmiş bir varyasyonu haline getirir. Bunlar, kendinizi zorlamanın ve üst vücut egzersiz rutininize çeşitlilik katmanın harika bir yolu olabilir. Her zaman olduğu gibi, doğru formu kullandığınızdan emin olun ve gücünüze ve kondisyon seviyenize uygun bir seviyeyle başlayın."
Rest (for timed workouts),Arms,Vücut Ağırlığı,"Zaman bazlı bir antrenman programı oluştururken, programa dinlenme süresi eklemek için bunu ekleyin."
3D lunge warmup,Cardio,Dumbbell,"Isınma hareketi olarak, her elinize birer tane olmak üzere hafif dambıllar alın. Sırayla öne, yana, geriye ve 45 derecelik açılarla hamle yapın."
Dumbbell farmer's carry,Legs,Dumbbell,Her iki elinize vücut ağırlığınızın yarısını alın ve yürüyün.
Remo maquina agarre estrecho,Back,Vücut Ağırlığı,Dar tutuşlu halter kürek çekme makinesi
Remo maquina agarre estrecho supino,Back,Vücut Ağırlığı,Sıkı avuç içi tutuşlu makine veya kablolu kürek çekme hareketi.
Jalón abierto,Back,Vücut Ağırlığı,"Aşağıya Doğru Hareket
• Barı çenenize yakın geçecek ve göğsünüzün üst kısmına değecek şekilde aşağıya doğru çekin.

• Vücudunuzun geri kalanını sabit tutun.
Yukarıya Doğru Hareket
• Barın başlangıç ​​pozisyonuna yükselmesine izin vermek için dirseklerinizi uzatın.

• Vücudunuzun geri kalanını sabit tutun."
Jalón abierto supino,Back,Vücut Ağırlığı,"Aşağıya Doğru Hareket

• Barı çenenize yakın geçecek ve göğsünüzün üst kısmına değecek şekilde aşağı çekin.

• Vücudunuzun geri kalanını sabit tutun."
Jalón cerrado,Back,Vücut Ağırlığı,"Aşağıya Doğru Hareket

• Barı çenenize yakın geçecek ve göğsünüzün üst kısmına değecek şekilde aşağı çekin.

• Vücudunuzun geri kalanını sabit tutun."
Jalón cerrado supino,Back,Vücut Ağırlığı,"Aşağıya Doğru Hareket

• Barı çenenize yakın geçecek ve göğsünüzün üst kısmına değecek şekilde aşağı çekin.

• Vücudunuzun geri kalanını sabit tutun."
Extensión de gluteos en polea,Legs,Vücut Ağırlığı,"Bu egzersiz, üst kalça kaslarınızı çalıştırmanıza olanak tanır. Bu nedenle, izole kalça egzersizleri rutininize mutlaka dahil edilmelidir.

Kablo makinesinin önünde durun ve alt kancayı bulun. Ardından, alt makarayı çalıştırmak için ayak bileği kayışlarına takın. Duruşunuzla ilgili olarak, her zaman dik durmalısınız. Sırtınızı düz tutmaya ve sakatlanmayı önlemeye özellikle dikkat edin.
Daha iyi denge için makineye tutunmanız önerilir. Makaranın ağırlığını taşıyan bacağınızla, dizinizi bükmeden yavaşça geriye doğru uzatın."
Extensión de gluteo en  máquina,Legs,Vücut Ağırlığı,"GHD kalça uzatma egzersizi, kalça kasları için en iyi egzersizlerden biridir. Egzersiz öncelikle kalça kaslarını hedef alsa da, alt sırt, baldır ve hamstring kasları için de mükemmeldir."
JALONES PECHO NEUTRO,Back,Vücut Ağırlığı,"Lat pulldown, sırtınızı güçlendirmek ve duruşunuzu iyileştirmek için önemli bir egzersizdir ve daha sağlıklı bir yaşama katkıda bulunabilir. Bu egzersizi doğru bir şekilde yapmak ve sakatlanmayı önlemek için birkaç önemli adımı izlemek önemlidir:

1. Dizleriniz hafifçe bükülü ve ayaklarınız yere düz basacak şekilde kablo makinesine doğru durun.

2. Avuç içleriniz aşağıya bakacak şekilde ve elleriniz omuz genişliğinde açık olacak şekilde kablo kolunu kavrayın.

3. Kolu göğsünüze değene veya neredeyse değene kadar aşağı çekin ve bu pozisyonda bir veya iki saniye bekleyin.

4. Kolu yavaşça başlangıç ​​pozisyonuna geri çekin, hareket boyunca kollarınızı ve ellerinizi düz ve sırtınızı düz tutmaya dikkat edin."
PULL OVER POLEA ALTA,Back,Vücut Ağırlığı,"Makineye dönük durun, ayaklarınız hafifçe açık, barı üstten kavrama ile tutun, kollarınız uzatılmış, elleriniz omuz genişliğinde açık.

Sırtınız düz ve karın kaslarınız aktif haldeyken, nefes alın ve kollarınızı uzatarak (veya dirseklerinizi hafifçe bükerek) barı uyluklarınıza indirin. Hareketin sonunda nefes verin."
JALON EN BANCO INCLINADO,Back,Vücut Ağırlığı,"Makara makinesinin önündeki eğimli tezgahta, vücut yüzüstü pozisyonda olacak şekilde, çekme hareketi gerçekleştirilir."
Arabesque,Legs,none (bodyweight exercise),"Tüm ağırlığınızı tek bacağınızın üzerine verin ve kalçalarınızı ve leğen kemiğinizi sürekli aynı seviyede tutarak bu pozisyonu koruyun. Sırtınız nötr pozisyondayken, bacağınızı yukarı kaldırarak kendinizi öne doğru eğin ve ardından kalça kaslarınızı kullanarak yavaşça kendinizi tekrar nötr pozisyona getirin."
Back extensión,Back,Vücut Ağırlığı,Ağırlıklı sırt uzatma makinesi
Triceps Pushdown,Arms,Vücut Ağırlığı,Lat bar kullanarak kabloyla triceps pushdown hareketi.
One Arm Bent Row,Back,Vücut Ağırlığı,Tek kol öne eğilerek kabloyla bir makinede kürek çekme hareketi.
Curl de biceps con agarre prono,Arms,Dumbbell,"BAŞLANGIÇ POZİSYONU:

Uygun ağırlığı bir halterde seçin. Halteri üstten kavrama yöntemiyle, elleriniz omuz genişliğinde açık olacak şekilde tutun. Göğsünüzü yukarıda tutarken pelvik taban ve karın kaslarınızı çalıştırın.

UYGULAMA:

Nefes verirken pazı kaslarınızı kasarak dirseklerinizi tamamen bükün. Nefes alırken yumuşak bir hareketle başlangıç ​​pozisyonuna dönün."
Alternating Biceps Curls With Dumbbell,Arms,Dumbbell,"İki halter tutun, kollarınızı uzatın, elleriniz yanlarınızda, avuç içleriniz içeriye bakacak şekilde olsun.
Birer birer kollarınızı bükün ve ağırlığı hızlı bir hareketle yukarı kaldırın.
Harekete başlarken aynı anda kollarınızı 90 derece döndürün.
En yüksek noktada, ağırlığı biraz daha dışarı doğru döndürün. Duraksamadan, kolunuzu yavaşça aşağı indirin ve aynısını diğer kolunuzla da yapın.

Egzersiz sırasında vücudunuzun sallanmasına izin vermeyin, tüm iş pazı kasları tarafından yapılır, hareket etmesi gereken tek kaslar bunlardır (dirseklere dikkat edin)."
Russian Twist,Abs,"Dumbbell, Gym mat, Swiss Ball","1. İki elinizle bir dambıl, halter veya ağır başka bir şey tutun, ancak çok ağır olmadığından ve doğru pozisyonda durabildiğinizden emin olun.

2. Yere 45 derecelik bir açıyla geriye doğru yaslanın. Daha zorlu bir hareket için ayaklarınızı yerden kaldırın.

3. Kollarınızı göğsünüzle aynı hizaya gelecek şekilde bir yana çevirin, biraz daha zorlu bir hareket için yere dokunun ve ardından aynı hareketi diğer tarafa da yapın. Her iki tarafı da yaptıktan sonra başlangıç ​​pozisyonunuza döndüğünüzde 1 tekrar sayılacaktır."
PALLOF PRESS,Abs,Vücut Ağırlığı,"Pallof presi, omurga çevresindeki büyük ve küçük kasları dönmeye karşı direnç göstermeye eğiten bir anti-rotasyon egzersizidir.

* Kablo makinesine veya direnç bandının bağlantı noktasına paralel durun ve her iki elinizle tutamağı veya bandı kavrayın.

* Gövdenizin öne dönük olduğundan emin olun ve ellerinizi göğsünüzün ortasına getirin ve yavaşça dışarı doğru itin.

* Ellerinizi yavaşça göğsünüze geri getirin ve tekrarlayın."
Side Slides + Squats,Legs,none (bodyweight exercise),"Ayaklarınızı omuz genişliğinden biraz daha açık ve savunma pozisyonunu taklit edecek şekilde alçakta tutarak, öndeki bacağınızla adım atın ve destek bacağınızla itme hareketi yapın.
Üç kaymadan sonra, vücudunuzu yönlendiren (dış) bacağınız üzerinde 180 derece döndürün ve çömelin. Devam edin."
Wall Drills,Legs,none (bodyweight exercise),"Diz ve bacak kaslarını güçlendirmeye yönelik egzersizler.

* Yanal Duvar Egzersizleri (Yürüyüş) - https://youtu.be/9RiTlJ6Mmek
* Yanal Duvar Egzersizleri (AÇIK) - https://youtu.be/ADRlN8-Wfdg
* Yanal Duvar Egzersizleri (ÇAPRAZ) - https://youtu.be/hGH2sj0Tzu4"
Inverted Rows,Chest,none (bodyweight exercise),"Sırt ve üst vücut egzersizlerinde etkili olmak için vücudunuzu düz tutun, kürek kemiklerinizi geriye çekin ve göğsünüzü bara doğru yaklaştırın."
Tibialis raises,Calves,none (bodyweight exercise),"1. Dik durun.
2. Topuklarınızın üzerinde duracak şekilde ayak parmaklarınızın uçlarını kaldırın."
Dragon squat,Legs,none (bodyweight exercise),"Ayaklarınız kalça genişliğinde açık olacak şekilde ayakta durun. Sağ ayağınızı arkanıza, odanın sol köşesine doğru çaprazlayın ve her iki dizinizi de bükün. Geri dönün ve tekrarlayın, taraf değiştirin. Ayaklarınızı çaprazlarken ve dizlerinizi bükerken kalçalarınızı ve omuzlarınızı öne doğru tutun."
Side Lying Hip Abduction,Legs,none (bodyweight exercise),"* Üst bacağınız düz, alt bacağınız destek için bükülü olacak şekilde yanınıza uzanın.

* Üst bacağınızı yerden kaldırın.
* *(isteğe bağlı) -* En üst pozisyonda bekleyin.

Kaynaklar:

* 40 saniyelik YouTube videosu: https://www.youtube.com/watch?v=g9FtnmsIYgI"
"Calf raises, left leg",Calves,none (bodyweight exercise),"1. Hareket aralığını artırmak için yere veya bir basamağın kenarına çıkın.

2. Bir ayağınızı kaldırın.

3. Parmak uçlarınızda durana kadar topuğunuzu kaldırın.

4. *(Değişken)* Bu pozisyonda üç saniye kalın.
5. Ayağınızı yavaşça indirin, topuğunuz yere neredeyse değene kadar - ayağınızı sertçe yere vurmayın!"
Cycling cardio session,Cardio,Vücut Ağırlığı,Technogym Bike Excite 1000 sabit bisikletinde kardiyo egzersizi.
"Wrist curl, dumbbells",Arms,Dumbbell,"1. Bir banka oturun, avuç içleriniz yukarı bakacak şekilde dambılı kavrayın

ve elleriniz omuz genişliğinde açık olsun. Ön kollarınızı uyluklarınızın üzerine koyun
ve bileklerinizin dizlerinizin üzerinden sarkmasına izin verin.

2. Hareketi gerçekleştirin:
Avuç içlerinizi ve bileklerinizi yüzünüze doğru kıvırın.

3. (isteğe bağlı/değişken) En üst noktada kısa bir süre bekleyin.

4. Yavaşça başlangıç ​​pozisyonuna dönün."
Scorpion Kick,Back,none (bodyweight exercise),"**Omuzlarınız ellerinizin tam üzerinde ve ayaklarınız kalça genişliğinde açık olacak şekilde şınav pozisyonuna geçin.**

**Başınızdan topuklarınıza kadar vücudunuzun düz bir çizgi oluşturduğundan emin olun.**

**Şimdi sağ dizinizi göğsünüze doğru çekin. Diziniz bükülü kalırken, sağ bacağınızı olabildiğince yukarı kaldırın, sağ alt bacağınız düz yukarı bakacak şekilde.**

**Şimdi kalçalarınızı döndürün, böylece sağ ayağınız sol bacağınızın üzerinden geçsin.**

**Döndürmeye ve sağ ayağınızı yere doğru hareket ettirmeye devam edin, ta ki sol ayakta duran ayağınızın dışına doğru yuvarlanmak zorunda kalana kadar. Üst vücudunuzu döndürmediğinizden emin olun.**

**Şimdi başlangıç ​​pozisyonuna dönün ve egzersizi sağ bacağınızla tekrarlayın.**"
Prisoner Squat,Legs,none (bodyweight exercise),"Göğsünüz hafifçe yukarıda, ayaklarınız kalça genişliğinde açık ve parmak uçlarınız düz ileriye bakacak şekilde dik durun.
Ellerinizi parmaklarınız hafifçe kenetlenmiş ve dirsekleriniz yana doğru bakacak şekilde başınızın arkasına getirin. Kalçalarınızı geriye doğru itin ve dizlerinizi bükün, üst vücudunuzu mümkün olduğunca dik tutun.
Dizlerinizi dışa doğru itin, asla birbirine doğru bakmamalıdırlar. Üst vücudunuz hafifçe öne doğru hareket ederse, bükülmemesine dikkat edin. Omuz kürek kemikleriniz arasındaki kasları gererek dirseklerinizi her zaman kulaklarınızla aynı hizada tutun. Yeterince esnekseniz, kalçalarınız baldırlarınıza değene kadar aşağıya doğru inebilirsiniz.
Ancak, omurganızı bükmemeye dikkat edin.
Bu olmadan önce, hareketi tersine çevirin ve topuklarınızı ve kalça kaslarınızı kullanarak kendinizi yukarı doğru o kadar büyük bir ivmeyle itin ki, ayaklarınız kısa süreliğine yerden kalksın ve küçük bir sıçrama yapın.
Gerekirse, bir sonraki tekrara geçmeden önce ayaklarınızın, kollarınızın ve üst vücudunuzun pozisyonunu düzeltin.
www.DeepL.com/Translator (ücretsiz sürüm) ile çevrilmiştir."
Skydiver with arms in T-position,Back,none (bodyweight exercise),"Yüzüstü yatın, bacaklarınızı omuz genişliğinden daha fazla açın ve ayaklarınızı yukarı kaldırın. Kollarınızı yana doğru uzatın ve üst vücudunuzla T şeklini oluşturun, avuç içleriniz yerde olsun. Şimdi üst vücudunuzu, kollarınızı ve bacaklarınızı gergin tutarak olabildiğince yukarı kaldırın. Başparmaklarınızı tavana doğru çevirin ve kürek kemiklerinizi birbirine yaklaştırın. Üst vücudunuzu ve tüm uzuvlarınızı havada tutarken, bacaklarınızı bir araya getirin ve sonra tekrar açın, sürekli havada tutun. Kalan tekrarlarda sadece bacaklarınızı açıp kapatın."
"Romanian deadlift, single leg",Legs,"Dumbbell, Kettlebell","Diğer adı: RDL.

Adımlar:"
Full Sit Outs,Abs,none (bodyweight exercise),(A) Ellerinizi ve ayak parmaklarınızı yere koyarak yüksek plank pozisyonuna geçin. (B) Vücudunuzu sağa çevirirken ağırlığınızı sol elinize verin; sağ bacağınızı arkanıza doğru bükün ve sağ kolunuzu yukarı doğru uzatın. Merkeze dönün ve diğer tarafta tekrarlayın. Yanları değiştirerek devam edin. **Kolaylaştırmak için:** Bacağınızı arkanıza doğru büktükten sonra kolunuzu kaldırmayın. **Zorlaştırmak için:** Kolunuz ve bacağınız uzatılmış halde iki saniye boyunca dengede durun.
Reverse Snow Angel,Back,none (bodyweight exercise),"Yere yüzüstü uzanın, kollarınızı önünüze doğru uzatın, bacaklarınız düz bir şekilde yerde olsun. Her iki kolunuzu da kaldırın ve yavaşça yanlarınıza doğru hareket ettirin. Sonra tekrar eski haline getirin."
Recruitment Pulls,Arms,Vücut Ağırlığı,"Tırmanma tahtasında birkaç belirli kenar boyutu bulun, tahtayı başınızın üzerine alarak altlarına sabitlenin ve her seferinde bir kolunuzu kullanarak 3-5 saniye boyunca maksimum güçle çekin. Bu pozisyon için dirsek açınızı geniş tutun (120-150 derece) ve tam uzatma pozisyonunda olmayın."
Finger Pushup,Arms,none (bodyweight exercise),"1. El Pozisyonu:
- Ellerinizi omuzlarınızın altına yerleştirerek plank pozisyonunda başlayın.

- Parmaklarınızı genişçe açın ve yere sıkıca yerleştirin.

2. Parmak Yerleşimi:
- Avuç içlerinizi yerden yavaşça kaldırın ve ağırlığı parmaklarınıza verin.

- Yükü parmak uçlarınız ve başparmaklarınız arasında eşit olarak dağıtmaya odaklanın.

3. Vücut Hizalaması:
- Karın kaslarınızı çalıştırmak için baştan topuklara kadar düz bir çizgi koruyun.

- Egzersiz boyunca vücudunuzu kontrollü ve istikrarlı bir pozisyonda tutun.

4. İndirme Aşaması:

- Dirseklerinizi yavaşça bükerek göğsünüzü yere doğru indirin.

- Parmak uçlarınızda dengeyi koruyarak kontrollü hareket sağlayın.

5. Yukarı İtme:

- Kollarınızı düzleştirmek için parmak uçlarınızla bastırın ve başlangıç ​​pozisyonuna dönün.

- Şınav boyunca parmaklarınızın ve başparmaklarınızın çalışmasına önem verin."
knee push-ups,Arms,none (bodyweight exercise),"1. Dizlerinizi birleştirerek yere diz çökün. Ellerinizi omuz genişliğinden biraz daha açık olacak şekilde önünüze yere koyun.

2. Vücudunuzun baştan dizlere kadar düz bir çizgi oluşturduğundan emin olun. Eller omuzların altında olmalıdır.

3. Gövdenizi yere doğru indirin, dirseklerinizi bükün ve gövdenizi sabit tutun. Dizlerinizin yere temasını koruyun.

4. Başlangıç ​​pozisyonuna dönmek için ellerinizle itme hareketi yapın. Hareketin en üst noktasında göğüs, omuz ve kol kaslarınızın kasılmasını koruduğunuzdan emin olun.

5. Hareketi kontrol ederek ve doğru formu koruyarak istenen sayıda tekrarı gerçekleştirin."
Australian pull-ups,Arms,none (bodyweight exercise),"1. Uygun yükseklikte konumlandırılmış yüksek bir barın veya askı barının altına uzanın.

2. Barın altına sırt üstü uzanın ve avuç içleriniz size dönük şekilde barı kavrayın.

3. Vücudunuzun baştan ayağa düz bir şekilde hizalanmasını sağlayacak şekilde pozisyonunuzu ayarlayın. Kollar tamamen uzatılmış, omuzlar sabitlenmiş ve bacaklar vücudun geri kalanıyla aynı hizada olmalıdır.

4. Dirseklerinizi bükün ve sırt kaslarınızı kasarak göğsünüzü bara doğru çekin. Kürek kemiklerinizi bir araya getirmeye çalışıyormuş gibi hayal edin.

5. Kas aktivasyonunu en üst düzeye çıkarmak için hareketin en üst noktasında kasılmayı bir an için tutun.

6. Dirseklerinizi uzatarak yavaşça başlangıç ​​pozisyonuna dönün."
Cable Chest Press - Decline,Chest,Vücut Ağırlığı,"Kablo makinesiyle yapılan tek kollu göğüs presi. Vücut ağırlığınızı desteklemek için diğer kolunuzu kullanın ve vücut dengesini sağlamak yerine presin gücüne odaklanın. Elinizi göğsünüze mümkün olduğunca yakın tutarak başlayın ve ardından hafif bir eğimle kabloya doğru, göğsünüzün merkezine doğru bastırın."
Shoulder Dumbbell Pendular Exercise,Shoulders,Dumbbell,"1. Bir elinizi sandalyeye veya başka bir nesneye yaslayarak öne eğilin, diğer elinizde bir dambıl tutun.
2. Dambılı yavaşça dairesel bir hareketle sallayın."
Shoulder External Rotation with Dumbbell,Shoulders,Dumbbell,"1. Yan yatın ve üst elinize bir dambıl alın.
2. Dirseğinizi yanınıza doğru bükün ve elinizi önünüze doğru uzatın.
3. Omuzunuzu döndürerek elinizi yukarı kaldırın.
4. Elinizi aşağı indirin."
Claps over the head,Arms,none (bodyweight exercise),Ayaklarınızı omuz genişliğinde açarak durun. Kollarınızı yukarı kaldırın ve başınızın üzerinde ellerinizi çırpın.
Dumbbell drag curls,Arms,Dumbbell,Avuç içleriniz öne bakacak şekilde her elinize birer dambıl alın. Dirseklerinizi geriye doğru çekerek dambılları göğüs hizasına kadar kaldırın. Dambılları yavaşça indirin ve egzersizi tekrarlayın.
Leg Extension,Legs,Vücut Ağırlığı,"Bacak uzatma, bacaklardaki kuadriseps kasını hedefleyen bir direnç ağırlık antrenmanı egzersizidir. Egzersiz, Bacak Uzatma Makinesi adı verilen bir makine kullanılarak yapılır. Bu makinelerin çeşitli üreticileri vardır ve her biri biraz farklıdır. Çoğu spor salonu ve ağırlık odasında bu makine bulunur. Bacak uzatma, kuadriseps adı verilen belirli bir kas grubunu hedefleyen izole bir egzersizdir. Squat veya deadlift gibi tüm bacak egzersizi olarak düşünülmemelidir. Egzersiz, bacağı dizden büküp uzatmak ve ardından orijinal pozisyona geri indirmekten oluşur."
Incline Shoulder Press Up,Chest,Bench,"1. Ellerinizi şınav pozisyonunda sehpaya yerleştirin.
2. Kürek kemiklerinizi birbirinden ayırmak için göğsünüzü sehpadan uzaklaştırın.
3. **Dirseklerinizi düz tutarak**, kürek kemikleriniz birbirine yaklaşacak şekilde göğsünüzü sehpaya doğru indirin.
4. Göğsünüzü tekrar sehpadan uzaklaştırın."
Dumbbell wide bicep curls,Arms,Dumbbell,"Her iki elinize birer dambıl alın, ellerinizi omuz genişliğinden biraz daha açık ve avuç içleriniz öne bakacak şekilde tutun.
Dirseklerinizi bükün ve dambılları omuz hizasına kaldırın. Yavaşça indirin ve tekrarlayın."
Neck extension,Arms,SZ-Bar,"Sırtınız makaraya dönük şekilde, makara en üstte olacak şekilde tek taraflı triceps egzersizi."
Dumbbell bicep curl to press,Arms,Dumbbell,"Dirseklerinizi bükün ve dambılları omuz hizasına kaldırın.
Dabılları başınızın üzerinden yukarı doğru iterken kollarınızı döndürerek avuç içleriniz öne baksın. Ardından hareketi tersine çevirerek dambılları indirin. Egzersizi tekrarlayın."
Dumbbell rear delt row,Shoulders,Dumbbell,"Her iki elinize birer dambıl alın. Kalçalarınızdan bükülerek sırtınızı yere neredeyse paralel hale getirin. Kollarınızı aşağı sarkıtın. Kollarınızı omuz hizasında tutun. Dirseklerinizi yana doğru bükün ve kaldırın, üst kollarınız yere paralel olana kadar. Yavaşça başlangıç ​​pozisyonuna dönün ve tekrarlayın."
Dumbbell close grip bench press,Arms,Dumbbell,"Sırt üstü düz bir banka uzanın. Her elinize birer dambıl alın. Avuç içleriniz birbirine bakacak ve dambıllar birbirine bastırılmış halde kollarınızı tavana doğru kaldırın.

Dambılları yavaşça göğsünüze indirin, ardından yavaşça tekrar yukarı itin. Egzersizi tekrarlayın."
Snach,Shoulders,Barbell,"Ayaklarınızı kalça genişliğinde açın ve kaval kemiklerinizi bara dayayın. Barı omuz genişliğinizin iki katı kadar kavrayın ve belinizi düz tutarak topuklarınızı yere bastırarak barı kaldırmaya başlayın. Bar dizlerinizin üzerine çıktığında, kalçalarınızı patlayıcı bir şekilde uzatın ve omuzlarınızı yukarı kaldırın. Ağırlığın momentumla başınızın üzerine çıkmasına izin verin."
Dumbbell upright-row,Arms,Dumbbell,"Her iki elinize birer dambıl alın ve vücudunuzun önünde tutun. Avuç içleriniz vücudunuza dönük olsun. Ellerinizi çenenizin altına gelene kadar düz bir şekilde yukarı kaldırın, sonra indirin. Egzersizi tekrarlayın."
Triceps stretch left,Arms,none (bodyweight exercise),"Sağ elinizi sırtınıza koyun, sol elinizle sağ dirseğinizi kavrayın ve hafifçe çekin. Bu pozisyonda birkaç saniye bekleyin."
Seated Cable Rows,Back,Vücut Ağırlığı,"""Öne doğru eğilmeye devam edin - negatif hareketlerde dirseklerinizi içeri doğru çekin."""
Triceps stretch right,Arms,none (bodyweight exercise),"Sağ elinizi sırtınıza koyun, sol elinizle sağ dirseğinizi kavrayın ve hafifçe çekin. Bu pozisyonda birkaç saniye bekleyin."
Standing biceps stretch left,Arms,none (bodyweight exercise),"Sol kolunuzu duvara yakın tutarak ayakta durun. Sol kolunuzu uzatın ve sol elinizi duvara koyun, ardından vücudunuzu yavaşça sağa doğru çevirin."
Standing biceps stretch right,Arms,Vücut Ağırlığı,"Sağ kolunuzu duvara yakın tutarak ayakta durun. Sağ kolunuzu uzatın ve sol elinizi duvara koyun, ardından vücudunuzu yavaşça sağa doğru çevirin."
Dumbbell Single-leg Hip Thrust,Legs,Barbell,"Tek bacaklı kalça itme hareketi, sırtınızın üst kısmını bir ağırlık sehpasına yerleştirerek, bir bacağınızı kaldırıp diğer bacağınızın kalçasını uzatarak, kalça kasının izole bir şekilde kasılmasını sağlayarak yapılır.
Her iki tarafı ayrı ayrı çalıştırarak, kalça kaslarınızı tek taraflı olarak tamamen izole edebilir ve maksimum antrenman uyarımı sağlayabilirsiniz."
Remo alto polea alta,Back,Barbell,Tek tutamak kullanarak destekli yüksek makaralı kürek çekme hareketi.
Frog stand,Abs,none (bodyweight exercise),"Başlangıç ​​pozisyonu:
Ayaklarınız omuz genişliğinde açık ve parmak uçlarınız öne doğru bakacak şekilde, gerekirse destek için bir duvara veya banka dönük olarak durun.
Dizlerinizi bükerek çömelme pozisyonuna geçin.
Ellerinizi omuz genişliğinde açık ve parmaklarınız genişçe yayılmış şekilde önünüze yere koyun.
Dirseklerinizin omuzlarınızın altında olduğundan ve vücudunuzun başınızdan topuklarınıza kadar düz bir çizgi oluşturduğundan emin olun.
Yukarı doğru hareket aşaması:
Vücudunuzu yerden kaldırmak için ayaklarınız ve ellerinizle itin.
Vücudunuzu hizalı tutarak bacaklarınızı ve kollarınızı düzleştirin.
Pozisyonu korumak için karın ve kalça kaslarınızı çalıştırın.
Gerekirse, destek için dizlerinizi duvara veya banka yaslayın."
Standing Calf Stretch,Legs,none (bodyweight exercise),"Bu esneme hareketi, gastroknemius kasını (bacakların ana kası, diz ve ayak bükme hareketini sağlayan kas) hedef alır. Her yerde kolayca yapılabilir. Tek ihtiyacınız bir duvar veya bir sandalye."
Bag training,Cardio,none (bodyweight exercise),"Kum torbası antrenmanı, omuz kaslarının (deltoidler), arka deltoidlerin, trisepslerin ve bisepslerin kas kütlesini artırmanın yanı sıra harika bir kardiyo egzersizidir."
Standing Soleus Stretch,Legs,none (bodyweight exercise),Bu esneme hareketi baldırınızdaki soleus kasını hedef alır. Duvara veya sandalyeye yaslanarak yapılabilir.
Exercise Band Dorsiflexion,Legs,none (bodyweight exercise),Bu egzersiz bir egzersiz bandı kullanılarak yapılır. Soleus ve Tibialis anterior kaslarını hedef alır.
Seated Cable Row,Back,Vücut Ağırlığı,"1. Ayaklarınız yere basacak şekilde, omuz genişliğinden biraz daha açık bir şekilde makineye oturun. Topuklarınızı yere doğru itin ve kalça kaslarınızı sıkın. Kablo kolunu kavrayın.

2. Dizleriniz hafifçe bükülmüş şekilde dik oturun. Gövdenizin yere dik açı oluşturması için karın ve bel kaslarınızı sıkın.

3. Omuzlarınızı geriye ve aşağıya doğru yuvarlayın. Kürek çekerken, aralarına bir kalem sıkıştırıyormuş gibi omuzlarınızı sıkıştırın. Bunu yaparken, kolu kendinize doğru çekin ve göbek deliğinizin hemen üstüne getirin.

4. Kolu geri çekmeden önce burada bir an duraklayın, kürek kemiklerinizi sıkmaya devam edin. Ağırlığı yerine geri koyduktan sonra, gövdenizi öne çekmeden kürek kemiklerinizin gevşemesine izin verin.

5. Hareketi tekrarlayın."
Exercise Band Plantarflexion,Legs,none (bodyweight exercise),"Bantlı plantar fleksiyon, plantar fleksiyon hareket açıklığı ile ağırlık taşıma sırasında yapılan daha zorlu baldır kaldırma hareketleri arasındaki boşluğu doldurmanın harika bir yoludur. Bu, baldır kaslarını güçlendirmeye, Aşil tendonuna yük bindirmeye ve plantar fleksiyon hareket açıklığını iyileştirmeye yardımcı olabilir."
Double Leg Calf Raise,Legs,none (bodyweight exercise),"Çift bacak topuk kaldırma hareketi, ayak bileği ve diz çevresinde güçlendirme, kontrol ve denge sağlamak, ayrıca kalça ve pelvis için denge ve kontrol oluşturmak açısından önemlidir."
Yoga exercise: Cow-cat,Back,Gym mat,"Öncelikle dört ayak üzerinde durma pozisyonuna geçin. Eller omuzların altında olmalı. Parmaklar genişçe açılmış olmalı ve dengeli bir duruş sağlamalıdır. Vücut ağırlığınızın ön kısmını başparmaklarınız ve işaret parmaklarınız üzerinde tutmanız en iyisidir. Şimdi bacaklarınızı kalça genişliğinde açarak yoga matının üzerine yerleştirin. Uyluklarınız kalçalarınızın dikey olarak altında olmalıdır. Ağırlığınızın elleriniz ve dizleriniz arasında eşit olarak dağıldığından emin olun. Başınız omurganızın bir uzantısı olmalı ve matınıza bakmalısınız. Sırtınız nötr bir pozisyonda olmalıdır. Derin bir nefes alın ve kedi pozisyonuyla başlayın. Bir sonraki nefes verişinizde, sırtınızı omur omur yuvarlayın. Kendinizi mümkün olduğunca tavana doğru çekmeye çalışın. Başınızı göğsünüze doğru çekin ve pelvisinizi eğin. Şimdi derin bir nefes alın ve karşı pozisyona, inek pozisyonuna geçin. Sırtınızı aşağı doğru bükün, omuzlarınızı hafifçe geriye çekin ve başınızı sizin için rahat olduğu kadar yukarı kaldırın. Bakışlarınız yukarıya doğru olmalıdır. Bilinçli bir şekilde nefes verin ve tekrar kedi pozisyonuna geçin. Bir sonraki nefes verişinizde tekrar inek pozisyonuna geçin. Egzersizi birkaç kez tekrarlayın ve akışa girdiğinizden emin olun."
Front Lever,Abs,none (bodyweight exercise),"Ön kol kaldırma hareketi, vücudun yere paralel yatay bir pozisyonda tutulduğu bir figürdür."
Shoulder width three-point push-up,Arms,none (bodyweight exercise),"Omuzlarınız ellerinizin tam üzerinde ve ayaklarınız kalça genişliğinde açık olacak şekilde şınav pozisyonuna geçin. Göbek deliğinizi omurganıza doğru çekin ve karın kaslarınızı sıkın. Sol ayağınızı yerden yaklaşık beş santimetre kaldırın. Ayak parmaklarınızı düz aşağı doğru uzatın. Kalçalarınızı hareket ettirmeyin. Egzersiz boyunca vücudunuz başınızdan topuklarınıza kadar düz bir çizgi oluşturmalıdır. Şimdi dirseklerinizi bükün, göğsünüzü yere indirin ve kendinizi tekrar yukarı itin. Egzersizi diğer tarafta tekrarlayın."
TRX roll out,Abs,none (bodyweight exercise),"Ellerinizle tutacakları kavrayın, kollarınızı uzatın ve göğüs hizasında paralel tutun. Yapmanız gereken hareket, kollarınızı omuzlarınızla aynı hizaya getirerek açmak ve vücudunuzu öne doğru eğmektir. Omuzlarınızı 90 dereceden fazla açmamaya çalışın ve karın ve kalça kaslarınızı aktif tutun. Çalıştırılan kaslar: Transvers abdominis, rektus abdominis ve erector spinae."
Ice Scream maker,Abs,none (bodyweight exercise),"Barfiks hareketinin son aşamasında, omuzlarımızla kendimizi geriye doğru iterek ön kol pozisyonuna ulaşırız. Oradan da kendimizi tekrar başlangıç ​​pozisyonuna çekeriz."
Leg Extension,Legs,Vücut Ağırlığı,"Bu, uyluğunuzun ön tarafında bulunan dört özel kas olan rektus femoris, vastus lateralis, vastus medialis ve vastus intermedius'tan oluşan kuadriseps kaslarına odaklanan izole bir egzersizdir."
Front lever pull-up,Abs,Pull-up bar,"Ön kol pozisyonunda, bacaklar uzatılmış halde veya daha kolay olması için toplanmış halde, göğsü bara yaklaştırarak çekin."
Front lever tuck,Back,Pull-up bar,"Ön kol kaldırma hareketinde en çok strese maruz kalan kaslar, başlıca ekstansör kaslardır; bunlar arasında latissimus dorsi, teres major, posterior deltoid ve biseps kasının uzun başı bulunur."
TRX Obliques,Abs,Vücut Ağırlığı,"1. Ayaklarınızı üzengilere yerleştirin ve elleriniz omuzlarınızın hemen altında olacak şekilde yüksek plank pozisyonu alın.

2. Dizlerinizi sağ dirseğinize doğru çekin, sonra tekrar dışarı ve merkeze doğru itin."
TRX hammer curl,Arms,Vücut Ağırlığı,"Tutma yerlerini, kayışların bir uzantısıymış gibi yerleştirin. Kollarımızı öne doğru uzatıp, vücudumuzu tamamen düz bir şekilde geriye yaslayacağız. Dirseklerimizi bükerek vücudumuzu kayışlara doğru yaklaştırdığımızda, pazı kaslarımız aktifleşecektir. Kullandığımız tutuş şekli nedeniyle, kasılma hareketi ellerin hafifçe dışa doğru hareket etmesiyle sona erecektir."
Cable External Rotation,Shoulders,Vücut Ağırlığı,"Adımlar:

1. Öncelikle bir uzatma bandını bir direğin etrafına veya gevşemeyecek ve dirsek seviyesinde olacak şekilde güvenli bir yere yerleştirin.

2. Bandın yanına geçin ve bandın karşısındaki elinizle uzanıp tutamağı kavrayın.

3. Dirseğinizi 90 derecelik bir açıyla bükerek bandı göğsünüze getirin, ardından bandın dışa doğru dönmesi için kolunuzu yavaşça geriye doğru döndürün.
4. Omuzlarınızda bir gerilme hissedene kadar mümkün olduğunca uzatın, bir süre bekleyin ve ardından başlangıç ​​pozisyonuna geri dönün.

5. İstediğiniz kadar tekrar ve set yapın."
TRX gorilla biceps curl,Arms,Vücut Ağırlığı,"TRX kayışlarına doğru dönüp, birbirine dönük yumruklarımızla öne doğru, kollarımız omuz genişliğinde açık ve tamamen uzatılmış şekilde kayışları kavrayacağız. Önceki egzersizlerde olduğu gibi, vücudumuzu düz ve geriye doğru tutacağız, çünkü pazı kaslarımızı aktive ederek vücudumuzu TRX kayışlarına doğru kaldıracağız. Vücudumuz düz, ayaklarımız yere düz basacak. Bu sefer kollarımızı yanlara doğru ve göğüs hizasında açacağız. Yapacağımız hareket, göğsümüze doğru bir kasılma olacak. Bunu başarmak için dirseklerimizi bükerek, pazı kaslarımızı aktive edip vücudumuzu kayışlara doğru çekeceğiz."
Trx Single Arm Bicep Curl,Arms,Vücut Ağırlığı,"Adım 1: Rahat bir şekilde ayakta durun ve askı sisteminin kollarını kavrayın. Adım 2: Omurganızı düz tutarak, ağırlığınızı bir kolunuza vererek geriye yaslanın. Adım 3: Vücut ağırlığınızı yukarı doğru çekmek için yavaşça kıvrılın. Son pozisyona yaklaşırken kolunuzu avuç içlerinize doğru çevirin ve kaslarınızı sıkın. Adım 4: Kendinizi tekrar aşağı indirin ve tekrarlayın."
Back bridge,Back,none (bodyweight exercise),"Sırtınız yere yaslanmış, bacaklarınız bükülü ve ayaklarınız yere düz basacak şekilde yere uzanın; ayaklarınız ve kalçalarınız arasında yaklaşık 20 cm boşluk bırakın. Elleriniz yere düz bir şekilde, kulaklarınıza bastırılmış, parmaklarınız ayak parmaklarınıza doğru bakacak şekilde dursun. Dirsekleriniz bükülü ve tavana doğru baksın. Bu başlangıç ​​pozisyonudur. Şimdi kalçalarınızı olabildiğince yukarı iterek vücudunuzu yerden kaldırın ve ellerinizle itmeye devam edin, dirseklerinizi ve dizlerinizi uzatarak sırtınız tamamen kavisli (bel köprüsü) olana kadar devam edin. Başınız da yerden kalkmalı ve dirseklerinizle aynı hizada, geriye doğru bakmalıdır. Bu son pozisyondur. İniş yavaş ve kontrollü olmalıdır. Omurganız dışbükey bir eğri oluşturmalıdır. Sırtınızı yerden kaldırmak iyi değildir; düz kalmalıdır. İyi yuvarlak olmalıdır. Ayrıca sırtınızda artan oksijenlenme hissi de fark edeceksiniz. Yerden kalktıktan sonra, kalçalarınız çok yüksekte, hatta başınızın seviyesinin üzerinde olmalıdır. Kollarınız ve bacaklarınız düz kalmalıdır. Kolay gibi görünse de, iyi bir esneklik seviyesi gerektirir. Nefes derin olmalıdır. Bu duruş göğüs kafesini gerer ve diyaframa baskı uygular. Duruş doğru yapılırsa, nefes alma mükemmel olacaktır. Egzersiz sırasında asla nefesinizi tutmayın."
TRX Tricep Extension,Arms,Vücut Ağırlığı,"TRX veya başka bir askı sistemini başınızın üzerine, tutacakları göğüs hizasında veya biraz daha aşağıda olacak şekilde takın. En iyi kurulumu sağlayan yüksekliği bulmak için denemeler yapın.

Tutacakların önünde durun ve avuç içleriniz aşağıya bakacak şekilde tutun.

Karın kaslarınızı sıkın, kalça kaslarınızı kasın, nefes alın ve topuklarınızı yerden kaldırarak öne doğru eğilin. Dirseklerinizi düz tutun.

Bir nefes daha alın ve dirseklerinizi bükerek kendinizi yavaşça aşağı indirin.
Dirsekleriniz 90 derecelik bir açıya gelene kadar (bilekleriniz dirseklerinizin üzerinde olana kadar) aşağı inin. Pozisyonu bir an tutun.
Triseps kaslarınızı çalıştırarak kollarınızı uzatın ve nefes verirken kendinizi başlangıç ​​pozisyonuna getirin."
TRX dips,Arms,Vücut Ağırlığı,"Ellerinizi askılı antrenman aletine, ayaklarınızı yere koyarak başlayın.
Elleriniz omuzlarınızın altında, ayaklarınız ise biraz önde olmalı.
Kalçalarınızı tutacakların arasına getirerek ve dirseklerinizi bükerek kendinizi aşağı indirin.
Dirseklerinizi uzatarak başlangıç ​​pozisyonuna geri dönün ve tekrarlayın."
Low Pulley Cable Fly,Chest,Vücut Ağırlığı,"Kablo makinesini ayarlayın: Makarayı mümkün olan en düşük ayara getirin.

Tutacakları seçin: Tercihinize bağlı olarak nötr tutuşlu (avuç içleri birbirine dönük) veya düz tutacaklar kullanabilirsiniz. Nötr tutuş bilekleriniz için daha kolay olabilir.

Doğru duruş: Ayaklarınız omuz genişliğinde açık, dizleriniz hafifçe bükülü ve karın kaslarınız sıkı bir şekilde durun. Egzersiz boyunca belinizin alt kısmında hafif bir kavis olmasına dikkat edin.

Tutacakları kavrayın: Seçtiğiniz tutuşla tutacakları kavrayın ve kablolarda hafif bir gerilim oluşana kadar bir iki adım geriye doğru adım atın.

Hareketi başlatın: Egzersiz boyunca dirseklerinizi hafifçe bükülü tutun. Birine kocaman bir sarılma verdiğinizi hayal edin. Ellerinizi göğsünüzün önünde bir araya getirirken göğüs kaslarınızı sıkın.

Hareketi kontrol edin: Kollarınızı tutacakları çekmek için kullanmak yerine göğüs kaslarınızı sıkmaya odaklanın.
En yüksek kasılma: Hareketin en üst noktasında, elleriniz göğüs hizasında birleşmiş haldeyken kasılmayı kısa bir süre tutun.

Yavaşça geri dönün: Gerilimi yavaşça bırakın ve kollarınız hafifçe uzatılmış ancak kilitlenmemiş haldeyken tutacakları başlangıç ​​pozisyonuna geri indirin."
Pullover,Back,Dumbbell,"Hem sırt hem de göğüs egzersizi olarak kullanılabilen Dumbbell Pullover, hem göğüs kaslarınızı hem de sırt kaslarınızı çalıştırabilir."
Sitting Calf Stretch (Dorsiflexion),Legs,Vücut Ağırlığı,"Bu, rehabilitasyon için harika olan, baldır kasları için hafif bir germe hareketidir."
Plantarflexion Stretch with Band,Legs,Vücut Ağırlığı,Bu esneme hareketi ayak bilekleri ve ön kaval kemiği kası (Tibialis anterior) içindir.
Incline Dumbbell Press,Chest,Dumbbell,"Eğimli dambıl pres, dambıl göğüs presi ve omuz presinin bir karışımıdır ve bu egzersizde hem ön deltoid kasları hem de göğüs kaslarının üst kısımları çalışır."
Dumbbell Chest Press,Chest,Vücut Ağırlığı,"Dambıl göğüs presi, halterle yapılan bench press'e benzer bir pres egzersizidir, ancak dambıllarla yapılır."
Biceps Close Grip Pull Down,Arms,Vücut Ağırlığı,"Lat pulldown makinesinde, ellerinizi nispeten birbirine yakın tutarak barı kavrayın. Avuç içi ters bakacak şekilde tutun (yani, elinizin arkası makineye dönük olmalı). Ardından barı düz bir çizgi halinde yere doğru çekin. Hareketin ana itici gücünün pazı kaslarınız olduğundan emin olun. Muhtemelen omuzlarınızın ve sırt kaslarınızın çalıştığını hissedeceksiniz, ancak pazı kaslarınızın daha fazla çalıştığından emin olun."
Isometria trazioni impugnatura inversa,Back,Pull-up bar,İzometrik Ters Tutuşlu Barfiks
Incline Chest-Supported Dumbbell Row,Back,"Bench, Dumbbell","Ayarlanabilir bir sehpayı 45 derecelik bir açıyla kurun.
Yüzüstü yatın, başınız sehpanın kenarının hemen üzerinde sarkacak şekilde.
Her iki elinize birer dambıl alın ve doğru duruşu alın – karın ve sırt kaslarınız aktif, omuzlarınız nötr pozisyonda olsun.
Dambılları karnınızın üst kısmına doğru çekin ve hareketin en üst noktasında sırt kaslarınızı sıkın.

Son olarak, dambılları başlangıç ​​pozisyonuna indirin ve tüm tekrarlar tamamlanana kadar tekrarlayın."
Pseudo Planche Push-up,Shoulders,none (bodyweight exercise),Omuz hizasını bileklerinizin önüne getirmeli ve omuzlarınızı aynı pozisyonda tutarak şınav çekmelisiniz.
Talons fesses,Cardio,none (bodyweight exercise),Hareketsiz dururken veya hareket halindeyken topuklarınızı kalçalarınıza değdirin.
Dynamic Planche,Abs,none (bodyweight exercise),"1. Ellerinizi omuzlarınızın altına, ayaklarınızı kalça genişliğinde açarak plank pozisyonunda başlayın.

2. Vücudunuzu baştan ayağa düz bir çizgide tutmak için karın kaslarınızı sıkın.

3. Bu pozisyondan, dizlerinizi hafifçe bükün ve her iki ayağınızı da içeri doğru, mümkün olduğunca karın bölgenize yaklaştırarak zıplayın.
4. Ayaklarınız yere değdiği anda, tekrar zıplamak ve başlangıçtaki plank pozisyonuna dönmek için güçlü bir şekilde itin.

5. Egzersiz boyunca kontrolü ve karın kası stabilitesini koruyarak bu zıplama hareketini tekrarlamaya devam edin.

6. Zıplarken nefesinizi düzenli tutmaya, derin nefes almaya ve nefesinizi kontrol etmeye özen gösterin.

7. Doğru omurga hizalamasını korumak için bakışlarınızı yere sabitleyin.

8. Zıplamaları istediğiniz süre boyunca veya egzersiz programınız için önerilen tekrar sayısı kadar tekrarlayın.

9. Egzersizi bitirmek için, plank pozisyonunu bırakarak dinlenin, ardından kaslarınızı gevşetmek için gerekirse esneme hareketleri yapın."
Reach ups,Abs,none (bodyweight exercise),"Bu egzersizi yapmak için sırt üstü yatın ve kollarınızı başınızın üzerine uzatın. Ardından, karın kaslarınızı kasarak gövdenizi yerden kaldırın ve kollarınızı tavana doğru uzatarak olabildiğince yükseğe ""uzanmaya"" çalışın. Hareketi kontrol ederek yavaşça başlangıç ​​pozisyonuna dönün. Bu uzanma hareketleri karın kaslarını güçlendirir ve omurga esnekliğini artırır. Karın kaslarının gücünü ve stabilitesini artırmak için çeşitli egzersiz rutinlerine dahil edilebilirler."
Planche de cote dynamique,Abs,none (bodyweight exercise),"Dinamik yan plank pozisyonunda, yan yatıp bir dirseğiniz ve ayağınızın yan tarafı üzerinde destek alarak, vücudunuzu düz bir çizgi halinde tutarken kalçalarınızı yukarı ve aşağı doğru sallarsınız."
Seated Dumbbell Curls,Arms,Dumbbell,"Oturarak yapılan dambıl kıvırma hareketi, üst vücudu stabilize ederek kasları izole eden ve egzersizin etkinliğini azaltabilecek ivmeyi düşüren etkili bir pazı egzersizidir. Bu egzersiz, her iki elde birer dambıl ile oturarak yapılır ve pazı kaslarının maksimum düzeyde çalıştırılması için kontrollü harekete odaklanılır."
Reverse Grip Barbell Curls,Arms,Barbell,"Barbell'i omuz genişliğinde, avuç içleriniz aşağı bakacak şekilde üstten kavrama ile tutun. Sırtınızın düz, omuzlarınızın hafifçe geriye çekilmiş ve kollarınızın tamamen uzatılmış olduğundan emin olun.
Dirseklerinizi vücudunuza yakın tutarak, barbell'i kontrollü bir hareketle göğsünüze doğru yukarı kaldırın. Hareket, sallanma veya ivme kullanımı olmadan pürüzsüz olmalıdır.
Barbell göğüs hizasına geldiğinde, pazı ve ön kol kaslarında maksimum kasılmayı sağlamak için kısa bir süre duraklayın.
Kollarınızı tamamen uzatarak, barbell'i kontrollü bir hareketle yavaşça başlangıç ​​pozisyonuna indirin."
Trazioni impugnatura inversa,Abs,Pull-up bar,Başparmaklar dışa dönük şekilde barfiks çekin.
One armed push-ups,Abs,none (bodyweight exercise),"Tek elle şınav çekin, bir tarafı diğer tarafa çevirerek."
Arco femorale una gamba,Back,none (bodyweight exercise),"Özellikle, söz konusu kaslar şunlardır: biceps femoris, semimembranosus ve semitendinosus."
Barbell Bench Press - NB,Chest,Barbell,"Bench press, göğüs ve triseps kaslarında güç ve kas geliştiren bileşik bir egzersizdir. Birçok insan listelemeyi düşündüğünde, akla ilk gelen egzersiz genellikle bench press olur."
Low-Cable Cross-Over - NB,Chest,Vücut Ağırlığı,"Alçak kablolu çapraz geçiş, göğüs kaslarının üst kısmını hedeflemek için kablo düzeneği kullanan bir izole harekettir. Genellikle üst vücut ve göğüs odaklı kas geliştirme antrenmanlarında, göğsün tüm kısımlarını hedeflemek için diğer açılardan yapılan pres veya fly hareketleriyle birlikte kullanılır."
EZ-Bar Skullcrusher - NB,Arms,SZ-Bar,"EZ-bar skullcrusher, triseps kaslarını hedefleyen popüler bir egzersizdir. Düz bar yerine EZ-bar daha sık kullanılır. İsmine gelince, bu en kötü senaryoyu temsil eder. Bar aslında başın arkasına kadar inmelidir. Genellikle üst vücut veya kol odaklı bir antrenmanın parçası olarak orta ila yüksek tekrarlarla yapılır. Bu harekette 1RM'yi (maksimum tek tekrar ağırlığı) kovalamaya gerek yok!"
High-Cable Cross Tricep Extention - NB,Arms,Vücut Ağırlığı,"Yüksek kablolu çapraz triceps uzatma hareketi, özellikle uzun baş olmak üzere triceps kaslarını hedefleyen izole bir egzersizdir.
Bu hareket, zıt ellerle tutulan kablolar ve tutacaklar kullanılarak yapılır ve triceps gücünü geliştirmek için etkili olabilecek benzersiz bir itme hareketi sağlar. Düz bir bar veya ip kullanan egzersizlerin aksine, bu varyasyon bilekleriniz ve dirsekleriniz için daha rahat olabilir."
Preacher Curl - Internally Rotated,Arms,Dumbbell,"Tek kollu curl hareketi, dambıl ve preacher sehpası veya preacher curl makinesi kullanılarak yapılabilir. Vücudunuzu ağırlığa doğru çevirin."
Lat Pulldown - Cross Body Single Arm,Back,Vücut Ağırlığı,"Lat pulldown makinesine vücudunuz çapraz bir açıyla oturun, böylece sadece bir bacağınız pedin altında olsun. Kabloyu diğer kolunuzla aşağı doğru çekin. Bu, kablonun aşağı doğru çekilirken vücudunuzun üzerinden geçmesini sağlayacaktır. Bu, lat kasının gerilmesini vurgular."
Cable Chest Press - Incline,Chest,Vücut Ağırlığı,"Tek kollu göğüs presi, kablo makinesiyle yapılır. Vücut ağırlığınızı desteklemek için diğer kolunuzu kullanın ve vücut dengesini sağlamak yerine presin gücüne odaklanın. Elinizi göğsünüze mümkün olduğunca yakın tutarak başlayın ve ardından hafif bir eğimle kabloya doğru bastırarak göğsünüzün merkezine doğru hedefleyin."
JM Press,Arms,Barbell,"JM press hareketi, omuzlarınızı sabit tutarak, ağırlığı hareket ettirmek için dirsek bükülmesi ve uzatılmasına ve triseps kaslarınızın gücüne dayanır. Bu da, hassas omuz eklemini aşırı zorlamadan en iyi triseps güçlendirme egzersizlerinin tüm faydalarını elde edeceğiniz anlamına gelir. Klasik bir kazan-kazan durumu!"
Helms Row,Back,Dumbbell,"Hazırlık: Göğsünüzü bir bankın ucuna yerleştirin, göğsünüzü korumak için havlu veya herhangi bir yumuşak şey kullanın. Göğsünüzün, meme ucu hizasında bankla temas halinde olmasını istiyorsunuz. Sırtınız neredeyse yere paralel olmalıdır.
Uygulama: Egzersize başlarken, sırt kaslarınızda maksimum gerginliği hissedene kadar dirseklerinizi geriye doğru çekmeye odaklanın.
Egzersizle birlikte trapez kaslarını da çalıştırmak istiyorsanız, ağırlıklar aşağı sarkarken kürek kemiklerinizi gevşetin ve tekrara başlarken geri çekin."
Meadows Row,Back,Barbell,"Meadows kürek çekme hareketi, landmine pozisyonunda, üstten tutuşla ve kademeli duruşla yapılan tek taraflı bir kürek çekme hareketidir. Gövdenizi öne doğru eğin ve halterin ağırlığını kavrayın. Diğer ön kolunuzu öndeki bacağınızın üzerine koyun. Harekete, kürek kemiğinizi geriye doğru çekerken dirseğinizi arkanıza doğru iterek başlayın. Çalışan omuzunuzu aşağıda tutun. Dirseğiniz gövdenizle aynı hizaya gelene kadar arka kalçanıza doğru çekin."
Cable Triceps Press,Arms,Vücut Ağırlığı,"Tek kolla yapılan bu egzersizde, eller göğse yakın, dirsekler bükülü ve dışa doğru açık şekilde başlanır. Dirsekleri düzleştirerek kabloya karşı öne ve aşağı doğru bastırın."
Cable Tri Extension - Internal Rotation,Arms,Vücut Ağırlığı,"Tek kol egzersizi: Dirsek bükülü halde, kabloyu karşı omuzda tutun. Kabloya doğru dönün ve dirseğinizi vücudunuzun karşısına doğru düzleştirin."
Front Plank,Abs,none (bodyweight exercise),"Plank, vücut ağırlığıyla yapılan bir egzersizdir. Çok fonksiyonlu bir hareket olan plank, sadece karın kaslarınızı değil, aynı zamanda omurganızı ve kalçalarınızı da hedef alır. Plank, tüm vücudunuzu güçlendirir ve sıkılaştırır, duruşunuzu ve dengenizi iyileştirir, vücut yağını azaltır ve metabolizmanızı hızlandırmaya yardımcı olabilir.
“Plank pozisyonu” gibi egzersizler, dengeleyici karın kaslarının dayanıklılığını güçlendirmeye yardımcı olur. Ayrıca, vücudun dengeleyici kaslarının işlevinin zayıflamasıyla ilişkili sırt ağrısını hafifletmeye de yardımcı olabilir.
Plank, vücuttaki en önemli kas gruplarının çoğunu hedef alan çok yönlü bir egzersizdir, bu nedenle dayanıklılığı ve genel vücut gücünü artırmak için herkes tarafından uygulanabilir."
Cable Tri Extension - External Rotation,Arms,Vücut Ağırlığı,"Tek kol egzersizi: Dirsek bükülü halde, kabloyu karşı omuzda tutun. Kablodan uzağa doğru dönün ve dirseği vücudunuzun karşısına doğru düzleştirin."
Curl  - With Shoulder Elevated,Arms,Dumbbell,Dirseğinizi omuz hizasına getirin. Ağırlığı omuzunuza doğru kaldırın. Kaldırma hareketinin başlangıç ​​ve bitiş noktalarındaki gerilmeye odaklanın.
Lying Leg Raise,Abs,none (bodyweight exercise),"Bacak kaldırma, alt karın kasları için en etkili egzersizlerden biridir. Bu egzersiz karın kaslarını (rektus abdominus ve oblik kaslar) hedef alsa da, özellikle alt karın bölgesindeki yağları yakmak ve sıkılaştırmak için faydalıdır."
Jumping Jack HD,Cardio,none (bodyweight exercise),"Zıplama hareketleri, pliometrik bir egzersizdir. Pliometrik hareketler, hızı, çevikliği ve gücü artıran ve tüm vücudu çalıştıran patlayıcı aerobik hareketlerdir.
Zıplama hareketleri, kol, omuz, karın kasları, kalça kasları ve kalça fleksörlerini hedef alır ve ayrıca uyluk, diz tendonları ve kuadriseps kaslarını da çalıştırır.
Zıplamalar, kardiyovasküler kondisyonu güç çalışmasıyla birleştirdiği için sağlığınız için faydalıdır. Zıplamalar kalp atış hızınızı yükselttiği için kardiyovasküler kondisyonunuzu da geliştirebilir."
High Knee Skips HD,Cardio,none (bodyweight exercise),"Bu egzersizi hem antrenmandan önce dinamik bir ısınma olarak kullanabilir hem de yağ yakmak için kardiyo antrenman rutininize ekleyebilirsiniz.
Yüksek diz atlamaları, pliometrik bir egzersizdir. Pliometrik hareketler, hızı, çevikliği ve gücü artıran ve tüm vücudunuzu çalıştıran patlayıcı aerobik hareketlerdir.
Yüksek diz atlamaları, oblik kasları, bacak kasları, kalça kasları ve kalça fleksörlerini hedef alır ve ayrıca uylukları, diz tendonlarını, kuadrisepsleri ve omuzları da çalıştırır.
Zıplamalar, kardiyovasküler kondisyonu kuvvet çalışmasıyla birleştirdiği için sağlığınız için faydalıdır. Zıplamalar kalp atış hızınızı yükselttiği için kardiyovasküler kondisyonunuzu da geliştirebilir."
Crunches HD,Abs,none (bodyweight exercise),"Karın kası egzersizi, vücudun karın kaslarını güçlendirmek için tasarlanmış en temel egzersizlerden biridir. Bu egzersiz, karın kaslarını güçlendirmeye, duruşu iyileştirmeye ve kas hareketliliğini ve esnekliğini artırmaya yardımcı olur.
Karın kaslarını geliştirir: Karın kası egzersizi yapıldığında, rektus abdominis ve oblik kaslar sıkılaşır, böylece üst karın kasları ve karın kasları gelişir.
Karın kaslarının gücünü artırır: Karın kaslarınızın birincil rolü, orta bölgenizi stabilize etmektir. Ağır nesneleri kaldırırken sizi destekler, vücudunuzu bükmenize ve döndürmenize olanak tanır. Bunlar gün boyu fark etmediğiniz hareketlerdir, bu nedenle karın kaslarınızın uzun saatler boyunca çalışmaya dayanabilmesi önemlidir. Karın kası egzersizi, karın kaslarında bu önemli dayanıklılığı oluşturmaya yardımcı olur. Kas dayanıklılığı, bu liflerin uzun süre dirence dayanma yeteneğidir."
Bench Dips On Floor HD,Arms,none (bodyweight exercise),"Yerde yapılan triceps dips, birden fazla kas grubunu aynı anda çalıştırdığı için bileşik bir egzersizdir. Bu vücut ağırlığı egzersizi esas olarak triceps kaslarını hedef alsa da, göğüs ve omuz ön kaslarını da çalıştırır.
Yerde yapılan triceps dips, kol gücünü artırmak ve üst kollarınızda yağsız kas kütlesi oluşturmak için en etkili egzersizlerden biridir.
Yerde yapılan triceps dips, kapalı kinetik zincir egzersizidir ve hareketleri sabit bir nokta etrafında yaptığınızı ifade eder. Eklemleriniz üzerindeki sıkıştırma kuvvetini artırarak stabiliteyi iyileştirir."
Kopfüber Gewichtaufheben,Abs,Kettlebell,"Bu makine bacak kaldırma aletinin yanında.

Başınızı öne eğin, yüzünüzü aşağı çevirin ve ağırlığı kaldırın."
Bodyweight lunge HD,Legs,none (bodyweight exercise),"Vücut ağırlığıyla yapılan lunge hareketleri, alt vücudu güçlendirmek, denge ve istikrarı geliştirmek ve fonksiyonel güç geliştirmek için etkili bir jimnastik egzersizidir.
Vücut ağırlığıyla yapılan egzersizler, ev egzersizleri için popüler bir tercihtir ve daha kapsamlı bir kuvvet antrenmanı rutininin parçası olarak da dahil edilebilir."
Lateral Push Off,Legs,none (bodyweight exercise),Yere temas ederek tek bacağınızın üzerine inin ve dengenizi yeniden sağladıktan sonra diğer bacağınızın üzerine atlayın.
One Arm Overhead Cable Tricep Extension,Arms,Resistance band,"Kablo makinesinin altındaki makarayı yerleştirin ve herhangi bir aparat kullanmadan tutun. Kabloyu doğrudan başınızın üzerine uzatın.

Sırtınızı düz ve üst kolunuzu sabit tutarak, triseps kaslarınızda iyi bir gerilme hissedene kadar kabloyu başınızın arkasına indirin ve ardından dirseğiniz kilitlenene kadar tekrar yukarı doğru uzatın."
Leg Swings (Front–Back),Legs,none (bodyweight exercise),"Duvara veya sağlam bir desteğe yaslanarak dik durun. Gövdenizi dik tutarak ve karın kaslarınızı çalıştırarak, bir bacağınızı kontrollü bir hareketle ileri ve geri sallayın. Tekrarları tamamladıktan sonra bacak değiştirin."
Seated Hip Abduction,Legs,none (bodyweight exercise),"Başlangıç ​​Pozisyonu:

* Dizleriniz makinenin pivot noktasıyla aynı hizada olacak şekilde koltuk yüksekliğini ayarlayın.

* Sırtınızı sırt desteğine yaslayarak, iyi bir duruş sergileyin.

* Uyluklarınızın dış kısımlarını makinenin yastıklı kollarına yerleştirin.

* Ayaklarınızı ayak dayanaklarına veya makinenin platformuna düz bir şekilde yerleştirin.

* Denge için kolları veya koltuğun yanlarını kavrayın.

* Omurganızın nötr olduğundan ve karın kaslarınızın hafifçe aktif olduğundan emin olun.

Hareket:

* Bacaklarınızı direnç pedlerine doğru yavaşça dışarı doğru iterken nefes verin.

* Hareketi dizlerinizden değil, kalçalarınızdan başlatmaya odaklanın.

* Dış kalçalarınızda ve uyluklarınızda güçlü bir kasılma hissedene kadar bacaklarınızı açmaya devam edin.

* Kas aktivasyonunu en üst düzeye çıkarmak için tamamen açık pozisyonda kısa bir süre (1-2 saniye) bekleyin.

* Hareket boyunca ağırlığa direnerek, bacaklarınızı yavaşça başlangıç ​​pozisyonuna geri getirirken nefes alın.

* Kaslarda sürekli gerilim sağlamak için tekrarlar arasında ağırlıkların yere değmesine izin vermeyin.

* İstenilen tekrar sayısına ulaşana kadar, set boyunca kontrolü elinizde tutarak tekrarlayın."
Forearm Curls (underhand grip),Arms,Dumbbell,"* Kasları gerin

* Hızlanma kullanmayın
* Kontrollü hareket
* Yavaş hareket"
Triceps Overhead (Dumbbell),Arms,Dumbbell,"* Dirseklerinizi sabit tutun
* Kaslarınızı gerin
* Hızlanmadan hareket edin
* Kontrollü hareket edin
* Yavaş hareket edin
* Dirseklerinizi her zaman bükük tutun
* Aşırı gerilmeden kaçının"
Schoulder Raise (Dumbbell),Shoulders,Dumbbell,"* Kasları gergin tutun
* Hızlanmadan hareket edin
* Kontrollü hareket edin
* Yavaş hareket edin
* Kollarınızı her zaman bükülü tutun
* Aşırı germeyin"
Dumbbell Bench Press,Chest,Dumbbell,"Düz bir sehpaya uzanın ve kollarınız tamamen uzayana kadar dambılları yukarı doğru itin, ardından yavaşça indirin."
Wall Angels,Shoulders,Vücut Ağırlığı,"**Duvar Melekleri** egzersizi öncelikle **üst sırt ve omuz kaslarını** hedef alarak **duruşu**, **omuz hareketliliğini** ve **kürek kemiği kontrolünü** iyileştirmeye yardımcı olur."
seated figure four,Legs,Bench,Bir banka oturun. Ayaklarınız yere düz bassın. Sol ayak bileğinizi sağ dizinizin üzerine koyun. Sağ diziniz yere düz basmalı. Sırtınızı düz tutun. Sol dizinizi yavaşça aşağı doğru itin.
Lower Back Extensions,Back,Vücut Ağırlığı,"* Kasları gerin
* Kalçaları hafifçe kaldırın
* Kontrollü hareket
* Yavaş hareket
* Hızlanma yok
* Üst vücudu düz tutun"
Dumbbell Hex Press,Chest,Dumbbell,"* Kasları gerin
* Ayakları genişçe açın
* Kontrollü hareket
* Yavaş hareket
* Ağırlıkları alt göğüs/karın bölgesine doğru hareket ettirin"
Double Kettlebell Clean and Press,Arms,Kettlebell,"Tüm vücudu çalıştıran kas geliştirme egzersizi. Bu egzersiz, güç ve kas kütlesi açısından çok çeşitli faydalar sağlar ve son derece işlevseldir."
Double Kettlebell Front Squat,Legs,Kettlebell,"Kettlebell ön squat, birden fazla kas grubunu çalıştıran bileşik, çok eklemli bir egzersizdir."
Blackroll,Back,Vücut Ağırlığı,"* Kontrollü hareketler

* Yavaş hareketler
* Hızlanma yok"
Dumbbell Split Squat,Legs,Dumbbell,"* Kontrollü uygulama
* Hızlanma yok
* Yavaş uygulama"
Dumbbell Deadlift,Legs,Dumbbell,"* Kontrollü uygulama

* İvme yok
* Yavaş uygulama"
box jumps,Cardio,none (bodyweight exercise),"Ayakta durduğunuz yerden kutunun üzerine atlayın, vücudunuzu gerin, sonra tekrar aşağı inin (atlamayın)."
Rotary Torso Machine,Abs,Vücut Ağırlığı,"- Yavaş ve İstikrarlı
- Çok fazla ağırlık yok"
Recumbent Bike,Cardio,Vücut Ağırlığı,"Bu egzersiz için yatay bisiklet gereklidir. Üzerine oturun, seviyeyi ve süreyi ayarlayın ve egzersize başlayın."
TORSO TWIST,Abs,none (bodyweight exercise),"Ayakta Gövde Döndürme Egzersizi: Bu dinamik ayakta durma egzersiziyle karın kaslarınızı hedefleyin ve esnekliğinizi artırın! Ayakta Gövde Döndürme Egzersizi, ayaklarınızı ve kalçalarınızı sabit tutarken gövdenizi döndürmeyi, yan karın kaslarınızı çalıştırmayı ve tüm üst vücudunuzu germeyi içerir. Bu hareket şunlara yardımcı olur: Karın kaslarını güçlendirmek, omurga ve gövdede esnekliği artırmak, duruşu ve dengeyi iyileştirmek, genel atletik performansı artırmak. Bu etkili ve verimli egzersizin faydalarını hissetmek için her iki tarafa da 10-15 tekrar yaparak 3 set uygulayın!"
Band pull-aparts,Back,Vücut Ağırlığı,"* Kollarınızı omuz hizasında öne doğru uzatarak bandı tutun.

* Hareket boyunca dirseklerinizi hafifçe bükük ama sabit tutun.

* Kollarınızı açarak bandı göğsünüze değene veya yaklaşana kadar çekin.

* Bandın gerginliğini kontrol ederek kollarınızı yavaşça başlangıç ​​pozisyonuna geri getirin."
Upper Back,Back,Vücut Ağırlığı,"Üst Sırt egzersizi, özellikle deltoid ve romboid kasları ile üst sırt kaslarına odaklanarak, karın kaslarını geliştirmek için uygundur."
Bodyweight Squat HD,Legs,none (bodyweight exercise),"Çömelme, vücut ağırlığıyla yapılan bir egzersiz türüdür. Güç ve kas gelişimi için en popüler egzersizlerden biridir. Çömelme, özellikle bacak ve kalça kaslarına odaklanmak için etkilidir.
Çömelme, yeni başlayanlar için yapması kolay bir egzersizdir. Bacak kaslarını güçlendirmeye, kalça kaslarını sıkılaştırmaya ve kalori yakarak kilo vermeye yardımcı olabilir.
Kalça ve bacakları sıkılaştırır. Çömelme, gluteus, kalça fleksörleri, kuadriseps, hamstring ve iç uyluk kaslarına etki ederek bacaklarınızı sıkılaştırmak ve güçlendirmek için çok etkilidir. Ayrıca, vücut ağırlığıyla yapılan çömelme, kalçalarınızı ve poponuzu şekillendirmenize yardımcı olabilir."
Push-Ups,Chest,none (bodyweight exercise),"- **1.** Eller omuz genişliğinde yerde, parmaklar öne doğru;
ayaklar bitişik veya kalça genişliğinde; vücut baştan topuklara kadar düz bir çizgi halinde;
karın ve kalça kaslarını çalıştırın.

- **2.** Nefes alın ve dirseklerinizi gövdeden yaklaşık 45° açıda tutarak bükün (triceps odaklı çalışma için daha yakın); göğsü yere doğru indirin
dirsekler yaklaşık 90° açıya ulaşana veya göğüs neredeyse yere değene kadar.

- 3. Göğüs ve karın kaslarında gerginlikle en alt noktada kısa bir süre bekleyin.

- **4.** Nefes verin ve avuç içlerinizden iterek dirseklerinizi uzatın, dirseklerinizi kilitlemeden başlangıç ​​plank pozisyonuna geri dönün."
Pullover Machine,Back,Vücut Ağırlığı,"Pullover makinesi, oturarak, dirsekler pedlerin üzerinde."
Zottman curl,Arms,Dumbbell,"Avuç içleriniz öne bakacak şekilde, ağırlıkları omuzlarınıza doğru kaldırın. Ellerinizi avuç içleriniz aşağı bakacak şekilde çevirin ve ağırlıkları yavaşça aşağı indirin. Son olarak avuç içlerinizi tekrar öne bakacak şekilde yerleştirin."
Thruster,Legs,Barbell,"1. Ön çömelme hareketiyle başlayın.
2. En üst pozisyonda, barı başınızın üzerine doğru itin (pres hareketine benzer şekilde).
3. Barı omuz hizasına indirin."
Hamstring Kicks,Legs,none (bodyweight exercise),Ayaklarınızı kalça genişliğinde açarak durun ve bir kolunuzu önünüze doğru uzatın. Bacağınızı olabildiğince düz tutarak ve ayak parmaklarınızı yukarı doğru çevirerek o bacağınızı önünüze doğru yukarı ve aşağı doğru sallayın. Aynı hareketi diğer bacağınızla tekrarlayın.
Single Leg RDL,Legs,none (bodyweight exercise),"1. Dik durun ve ağırlık kullanıyorsanız iki elinizle ağırlıkları tutun.

2. Karın kaslarınızı sıkın ve bir bacağınızı yerden kaldırın.

3. Sırtınızı düz tutun, kalçalarınızdan bükülerek gövdenizi öne doğru indirin, kalçalarınızı döndürmemeye dikkat edin.

4. Ayakta duran bacağınızın hamstring kasında gerilme hissedene kadar aşağı inin, ardından ayakta durma pozisyonuna geri dönün. Her iki tarafta da tekrarlayın."
Toe Touch,Legs,none (bodyweight exercise),"Ayaklarınızı birbirine daha yakın tutarak durun. Kalçalarınızdan bükülerek üst vücudunuzu ayak parmaklarınıza doğru indirin. Ellerinizi ayaklarınıza doğru uzatın, ayak parmaklarınıza, yere veya rahatça gidebildiğiniz kadar aşağıya, bacaklarınıza dokunmaya çalışın."
Dumbbell Thruster,Legs,Dumbbell,"Omuzlarınızda dambıllarla başlayın ve çömelin.
Ayağa kalkın ve dambılları başınızın üzerine kaldırın.
Dambılları tekrar omuzlarınıza indirin ve tekrarlayın."
Glute Bridge Single-Arm Press,Arms,Dumbbell,"Bir dambıl alarak kalça köprüsü yapın. Şimdi dambılı göğsünüzün üzerinde tutun, bu tekrarın başlangıç ​​pozisyonudur. Dambılı, dirseğiniz yere değene kadar veya bir sehpa kullanıyorsanız omuz hizasının yaklaşık 45 derece altında olacak şekilde indirin. Dambılı tekrar başlangıç ​​pozisyonuna itin."
Bear crawl pull through,Abs,Dumbbell,"Kalça hizasına yakın bir yere bir dambıl yerleştirin ve ayı yürüyüşü pozisyonu alın. Dizlerinizi yerden kaldırın ve bu pozisyonda bekleyin.

Diğer elinizle dambılı tutun ve diğer tarafa çekin. Elinizi tekrar yere koyun ve diğer elinizle tekrarlayın."
Single Leg RDL,Legs,none (bodyweight exercise),"Ayaklarınızı kalça genişliğinde açarak durun, ağırlığınızı bir bacağınıza verin ve diğer bacağınızı hafifçe bükün. Sırtınızı düz tutarken kalçalarınızdan bükülün. Diz arkası kaslarınızı kullanarak kendinizi yukarı çekin."
Triceps Dips (Assisted),Arms,Vücut Ağırlığı,"Destekli triceps dips, triceps kaslarını hedefleyen ve aynı zamanda göğüs kaslarını da çalıştıran bir spor salonu egzersizidir."
Cable Lateral Raises (Single Arm),Shoulders,Vücut Ağırlığı,"Tek kollu kabloyla yana doğru kaldırma, yana doğru kaldırmanın bir varyasyonudur ve omuz kaslarını geliştirmek için kullanılan bir egzersizdir.

1. Kabloyu mümkün olan en alçak konuma getirin ve tek bir tutamaç takın.

2. Vücudunuzun üzerinden uzanın ve tutamacı nötr bir tutuşla kavrayın.

3. Dirseğinizi hafifçe bükük tutarak tutamacı vücudunuzun üzerinden çekin ve yana doğru kaldırın.

4. Tutamağı yavaşça ve kontrollü bir şekilde başlangıç ​​pozisyonuna indirin."
Elephant Walks,Legs,none (bodyweight exercise),"Kalçalarınızdan bükülerek dizlerinizin arkasında bir gerilme hissedene kadar eğilin. Bir bacağınızı bükün, diğerini düz tutun, ardından ilk dizinizi düzleştirirken diğer dizinizi de akıcı bir şekilde bükün."
Good Morning,Legs,none (bodyweight exercise),"Ayaklarınızı omuz genişliğinden daha fazla açarak (geniş duruş) durun ve ellerinizi kalçalarınıza koyun. Kalçalarınızdan bükülerek sırtınızı düz tutarak üst vücudunuzu yere doğru indirin, sonra tekrar yukarı kalkın."
Single Leg Hamstring Stretch,Legs,none (bodyweight exercise),"Yere oturun, bir bacağınızı öne doğru düz uzatın, diğer bacağınızı ise kendinize doğru bükün. İki elinizle öne doğru uzanarak düz uzattığınız bacağınızın parmak uçlarına dokunmaya çalışın."
Sit & Reach,Back,Gym mat,"Bacaklarınız önünüzde düz bir şekilde uzatılmış halde yere oturun. Her iki elinizi de öne doğru uzatın, ayak parmaklarınızın ötesine veya gidebildiğiniz kadar uzağa uzanmaya çalışın. Başlangıç ​​pozisyonuna dönün ve tekrarlayın."
Crossbody Leg Swings,Legs,none (bodyweight exercise),"Destek almak için bir duvara veya yakınınızdaki bir şeye tutunun. Bir bacağınızı vücudunuzun önünden geçirin, sonra geriye ve yana doğru sallayın. Hareket aralığınızı yavaşça artırarak tekrarlayın."
Standing Pancake,Legs,none (bodyweight exercise),"Ayakta durun ve bacaklarınızı olabildiğince geniş açarak bacaklarınızı yana doğru açın. Ardından kalçalarınızdan bükülerek, sırtınızı düz tutarken kalçalarınızı geriye doğru itin."
Hamstring Chokes,Legs,none (bodyweight exercise),"Yere oturun ve bir bacağınızı bükerek dizinizi kendinize doğru çekin. Elinizi diz arkası kasınızın arkasına koyun ve bacağınızı yavaşça göğsünüze doğru çekin, uyluğunuzun arkasında bir gerilme hissedin. Bacağınızı düzleştirin ve tavana doğru uzatın."
Roll Down,Back,none (bodyweight exercise),"Ayaklarınızı kalça genişliğinde açarak durun ve elleriniz yere değene kadar veya rahatça gidebildiğiniz kadar yukarı doğru, üst vücudunuzu yavaşça, birer birer omurlarınızı öne doğru yuvarlayın. Aynı kontrollü şekilde başlangıç ​​pozisyonuna geri dönün."
Crossbody Hamstring Stretch,Legs,none (bodyweight exercise),"Ayakta dururken, bir bacağınızı diğerinin arkasına çaprazlayın (bu bacağınızı düz tutun). Aşağı doğru uzanın ve o bacağınızın parmak uçlarına dokunmaya çalışın. Diğer bacağınızı hafifçe bükerek eğilebilmeyi sağlayın."
Preacher Curl - Externally Rotated,Arms,Dumbbell,"Tek kollu curl hareketi, dambıl ve preacher sehpası veya preacher curl makinesi kullanılarak yapılabilir. Vücudunuzu ağırlıktan uzağa çevirin."
Plank-to-Elbow Extension,Abs,Vücut Ağırlığı,"Plank-to-Elbow Extension, plank pozisyonunu dirsek uzatma hareketiyle birleştiren dinamik bir egzersizdir."
Cossack squat,Legs,Vücut Ağırlığı,"Kazak çömelmesi, esas olarak bacak ve kalça kaslarını çalıştıran, ancak aynı zamanda dengeleyici kasları da içeren çok eklemli bir egzersizdir. Fonksiyonel bir şekilde güç, hareketlilik ve dengeyi geliştirmek için mükemmel bir egzersizdir."
Wall-sit,Legs,Vücut Ağırlığı,"Duvar oturuşu (veya duvar sandalyesi), esas olarak bacak kaslarını çalıştıran, kas dayanıklılığını ve dengeyi geliştiren izometrik bir egzersizdir. İşte egzersiz sırasında aktifleşen ana ve ikincil kaslar."
Dragon-flag,Abs,Vücut Ağırlığı,"Hareket boyunca vücudunuzu tamamen sert tutun ve belinizin alt kısmında sarkma oluşmasını önleyin.
Üst vücudunuzu sabitlemek için sağlam bir kavrama kullanın.
Güç ve kontrol geliştirmek için daha basit versiyonlarla (örneğin dizler bükülü olarak) başlayın."
Plank with Alternating Leg Lift,Legs,none (bodyweight exercise),"Plank pozisyonundayken, sırayla bir bacağınızı kaldırın."
Heel Touches,Abs,none (bodyweight exercise),"- **Başlangıç ​​Pozisyonu:**

* Egzersiz matının üzerine sırt üstü uzanın.

* Dizlerinizi bükün, ayaklarınızı yere düz ve kalça genişliğinde açın.

* Kollarınızı yanlarınıza, avuç içleriniz içeriye bakacak şekilde, yerden biraz yukarıda olacak şekilde yerleştirin.

- **Karın Kaslarını Çalıştırın:**

* Başınızı, omuzlarınızı ve üst sırtınızı yerden hafifçe kaldırın.

* Boynunuzu nötr tutun ve çenenizi hafifçe içeri çekin.

- **Hareketi Gerçekleştirin:**

* Sağa doğru yana eğilin, sağ elinizi sağ topuğunuza doğru uzatın.

* Merkeze dönün, ardından sola doğru yana eğilin, sol elinizi sol topuğunuza doğru uzatın.

* Kontrollü bir şekilde yanları değiştirerek devam edin.

- **Nefes Alma:**

* Topuğunuza doğru uzanırken nefes verin ve merkeze dönerken nefes alın."
bicycle crunches,Abs,none (bodyweight exercise),"Bisiklet hareketi, yerde yapılan bir karın kası egzersizidir. Sırt üstü yatın, ellerinizi başınızın arkasına koyun ve bacaklarınızı uzatın. Omuzlarınızı yerden kaldırın, bir dizinizi göğsünüze doğru çekin ve gövdenizi çevirerek karşı dirseğinizin dizinizle buluşmasını sağlayın. Kontrollü hareketler yaparak ve egzersiz boyunca karın kaslarınızı çalıştırarak, pedal çevirme hareketine benzer şekilde yanları değiştirin."
Hack Squats,Legs,Vücut Ağırlığı,"Hack squat hareketi alt vücudu hedef alır ve hack squat makinesinde veya halterle yapılır. Makine varyasyonunda, omuzlarınız pedlerin altında ve ayaklarınız hafifçe önde olacak şekilde platforma yerleşin. Ağırlığı kaldırmak için topuklarınızdan itin, ardından dizlerinizi bükerek platformu kontrollü bir hareketle uyluklarınız yere paralel olana kadar indirin. Başlangıç ​​pozisyonuna geri dönün. Halter varyasyonunda, kollarınızı uzatarak halteri bacaklarınızın arkasında tutun ve squat benzeri bir hareket yapın."
Dumbbell Crunches,Abs,Dumbbell,"Dambıl ile yapılan mekik hareketleri, karın kaslarını daha yoğun bir şekilde çalıştırmak için tasarlanmış, geleneksel mekik hareketlerinin ağırlıklı bir varyasyonudur. Sırt üstü uzanın, dizlerinizi bükün ve ayaklarınızı yere düz bir şekilde koyun. Her iki elinizle bir dambılı göğsünüze yakın veya başınızın üzerinde tutun. Omuzlarınızı ve üst sırtınızı yerden kaldırarak, karın kaslarınızı çalıştırarak mekik hareketi yapın. Yavaşça başlangıç ​​pozisyonuna geri dönün. Zorlanmayı önlemek için egzersiz boyunca kontrollü hareketler yapmaya özen gösterin."
Biceps Curl Machine,Arms,Vücut Ağırlığı,"Pazı kıvırma makinesi, pazı kaslarını izole etmek ve kontrollü bir hareket aralığı sağlamak için tasarlanmıştır. Sırtınız mindere yaslanacak şekilde makineye oturun ve kollarınız makinenin tutacakları veya pedleriyle hizalanacak şekilde koltuğu ayarlayın. Dirseklerinizi sabit tutarak tutacakları sıkıca kavrayın ve pazı kaslarınızı kasarak tutacakları yukarı doğru kıvırın. Hareket boyunca kontrolü koruyarak tutacakları yavaşça başlangıç ​​pozisyonuna indirin."
Toe Taps,Abs,none (bodyweight exercise),"Ayak parmaklarıyla yere dokunma hareketi, sırt üstü yatarken yapılan ve karın kaslarını hedefleyen bir egzersizdir. Sırt üstü uzanın, kollarınızı yanlarınıza koyun ve bacaklarınızı masa pozisyonuna kaldırın (dizleriniz 90 derece bükülü). Karın kaslarınızı aktif tutarak ve belinizi yere bastırarak bir ayağınızı yavaşça yere indirin ve hafifçe dokunun. Başlangıç ​​pozisyonuna dönün ve bacak değiştirin. Bu egzersiz, bel üzerindeki yükü en aza indirirken karın kaslarını güçlendirir."
Standing Side Crunches,Abs,none (bodyweight exercise),"Ayakta yan karın egzersizleri, denge ve stabiliteyi geliştirirken oblik kasları hedefleyen dinamik bir egzersizdir. Ayaklarınız omuz genişliğinde açık ve elleriniz başınızın arkasında olacak şekilde dik durun veya bir elinizde dambıl tutun. Gövdenizi bir yana doğru eğin, oblik kaslarınızı kasın ve dirseğinizi kalçanıza doğru yaklaştırın (veya dambıl kullanıyorsanız ağırlığa doğru bükün). Başlangıç ​​pozisyonuna dönün ve diğer tarafa geçin veya tüm tekrarları bir tarafta yaptıktan sonra diğer tarafa geçin."
Dumbbell Shoulder Rotations,Shoulders,Dumbbell,"Dambıl omuz rotasyonları, rotator manşet kaslarını güçlendirmek ve omuz stabilitesini ve hareketliliğini artırmak için tasarlanmıştır.

1. **Dışa Döndürme**: Bir elinizde dambıl tutun, dirseğinizi 90 derece bükülü ve vücudunuza yakın tutun. Dirseğinizi sabit tutarak ön kolunuzu vücudunuzdan uzağa, dışa doğru döndürün. Yavaşça başlangıç ​​pozisyonuna dönün.
2. **İçe Döndürme**: Bir elinizde dambıl tutun, dirseğinizi 90 derece bükülü ve vücudunuza yakın tutun. Ön kolunuzu vücudunuza doğru, içe doğru döndürün ve yavaşça başlangıç ​​pozisyonuna dönün. Zorlanmayı önlemek için egzersizi kontrollü hareketlerle yapın."
Plate Pinch Hold,Arms,Vücut Ağırlığı,"Ağırlık plakası sıkıştırma egzersizi, ön kolları hedef alan ve kavrama dayanıklılığını artıran bir kavrama gücü egzersizidir. Bir veya iki ağırlık plakası seçin (pürüzsüz kenarlı plakalar en iyi sonucu verir) ve bunları başparmağınız ve işaret parmaklarınız arasında sıkıştırın. Plakaları kolunuz düz bir şekilde yanınızda veya hafifçe önünüzde uzatılmış halde tutun. Omuzlarınızı gevşek ve kavramanızı sıkı tutarak, olabildiğince uzun süre bu pozisyonda kalın. Bu egzersiz süreye göre veya tekrar sayısına göre yapılabilir."
Reverse Wood Chops,Back,none (bodyweight exercise),"* Bir direnç bandını diz hizasının altındaki bir rafa takın.
* Bandın diğer ucunu, beyzbol sopası tutar gibi iki elinizle kavrayın.
* Bandı geriye doğru esnetin.
* Ellerinizi kalçalarınızın yanına, dizlerinizi bükerek başlayın.
* Kalçalarınızı döndürürken ellerinizi karşı omzunuzun üzerinden yukarı doğru hareket ettirin.
* Hareketi, beyzbol sopasıyla topa vurmak gibi hayal edin."
Lat Pull DB,Back,Dumbbell,"* Üst vücudunuzu öne doğru eğin
* Kollarınızı hafifçe bükerek, dambılları vücudunuza yakın bir şekilde arkanıza doğru hareket ettirin"
Scapula Pulls,Back,Pull-up bar,"* Barfiks çubuğuna dik bir şekilde asıl
* Kürek kemiklerinizi birbirine yaklaştırarak vücudunuzu hafifçe yukarı kaldırın"
Pin Bench Press BB,Chest,Barbell,"* Güvenlik pimlerini takılma noktanızın yüksekliğine yakın bir seviyeye ayarlayın.
* Çubuğu indirin, gerginliği korurken 1 saniye boyunca pimlerin üzerinde durun.
* Çubuğu maksimum kuvvetle yukarı doğru hareket ettirin."
Pin Squat,Legs,Barbell,"* Güvenlik pimlerini takılma noktanızın yüksekliğine yakın bir seviyeye ayarlayın.
* Çubuğu indirin, gerginliği koruyarak 2 saniye boyunca pimlerin üzerinde durun.
* Maksimum güçle ayağa kalkın."
Clean,Legs,Barbell,"Normal olimpik kaldırma hareketi.

Barı yerden kaldırın, ön çömelme pozisyonunda omuzlarınızda yakalayın."
Pin OHP,Shoulders,Barbell,"* Güvenlik pimlerini alt çenenizin hizasına ayarlayın
* Gerginliği koruyarak barı pimlerin üzerine yerleştirin
* Barı başınızın üzerine kaldırın"
Push OHP,Shoulders,Barbell,"* Barı omuzlarınızın üzerine, önünüze yerleştirin.
* Üst vücudunuzu düz tutarken dizlerinizi bükün.
* Bacaklarınızı uzatarak barı kuvvetlice başınızın üzerine doğru itin."
Incline OHP DB,Shoulders,Dumbbell,"* 45° eğimli bir banka oturun
* Dirsekleriniz 45° açıyla dışarıda olsun
* Üst kollarınız omuzlarınızla paralel olana kadar dambılları aşağı indirin
* Dambılları yukarı kaldırarak başınızın üzerinde birleştirin"
Kreis Press DB,Shoulders,Dumbbell,"* 45° eğimli bir banka oturun
* Dambılları başınızın üzerinde tutun
* Dambılları, omuz presi yapıyormuş gibi aşağı indirin
* Avuç içleriniz yukarı bakacak şekilde dambılları döndürün ve kollarınızı vücudunuzun önünde uzatın
* Dambıllar birleşene kadar ellerinizi bir araya getirin, kollarınızı uzatılmış halde tutun
* Dambıllar tekrar başınızın üzerinde olana kadar hareketi tersine çevirin
* Bu bir tekrardır"
Shoulder Raise Side and Front DB,Shoulders,Dumbbell,"* Ayakta durun ve dambılları vücudunuzun yanında tutun.
* Kollarınızı neredeyse tamamen uzatın.
* Dambılları, avuç içleriniz aşağıya bakacak şekilde, omuz hizasına kadar vücudunuzun yanına doğru, ivme kullanmadan kaldırın.
* Dambılları avuç içleriniz içeriye bakacak şekilde vücudunuzun yanına indirin.
* Hemen ardından dambılları avuç içleriniz aşağıya bakacak şekilde, omuz hizasına kadar vücudunuzun önüne kaldırın.
* Tekrar indirin.
* Bu bir tekrardır."
Incline Chest Press DB,Chest,Dumbbell,"* 45° eğimli sehpa üzerinde çalışın
* Dambılları göğsünüze paralel tutun
* Kollarınızı tamamen uzatana kadar yukarı doğru itin"
Jerk OL,Shoulders,Barbell,"Olimpik halter silkme hareketi

* Barı omuzlarınızın önünde, itme presi gibi tutun
* Barı yukarı doğru iterken dizlerinizi büküp uzatın ve barın altına dalın
* Hamle yaparak barı düz kollarla başınızın üzerinde yakalayın
* Barı kilit pozisyonunda tutarken ayaklarınızı paralel hale getirin"
Clean and Jerk OL,Shoulders,Barbell,"Olimpik halter kaldırma hareketi olan silkme ve kaldırma.

Tek harekette silkme ve kaldırmanın birleşimi."
Snatch OL,Back,Barbell,"Olimpik halter kaldırma (koparma)

* Geniş bir kavrama ve baş üstü çömelme kullanarak halterin yerden baş üstü kilitlenme pozisyonuna kadar çekilmesi.

* Dizler yukarı kalkana kadar halterin yavaşça hareket ettirilmesi, ardından kalçaların patlayıcı bir şekilde uzatılması, halterin yukarı çekilmesi ve halterin altına dalın.
* Kollar düz bir şekilde halteri baş üstünde yakalayın.
* Kilitlenme sırasında başın öne doğru itilmesi."
Seated W Curl,Arms,"Bench, Dumbbell","* 60° eğimli bir banka oturun.
* Avuç içleriniz dışa dönük, kollarınız tamamen uzatılmış halde, dambılları vücudunuzun yanında, yere yakın tutun.
* Sadece pazı kaslarınızı kullanarak ve ivme kullanmadan dambılları yukarı doğru hareket ettirin."
ClimbMill,Cardio,Vücut Ağırlığı,"ClimbMill, diğer adıyla merdiven tırmanma aleti, merdiven çıkmayı simüle eden kardiyo odaklı bir makinedir. Alt vücut kaslarını güçlendirirken dayanıklılığı artırmanın etkili bir yolunu sunar. Makineyi kullanmak için, hareketli merdivenlere çıkın, dik bir duruş sergileyin ve gerekirse denge için tutamaçları kullanın. Hızı ve yoğunluğu fitness seviyenize göre ayarlayın. Bu egzersiz kardiyovasküler sağlığı iyileştirmeye, kalori yakmaya ve alt vücut kas dayanıklılığını artırmaya yardımcı olur."
Cobra Stretch,Back,none (bodyweight exercise),"Kobra Esnetmesi, omurga esnekliğini artırmaya ve bel gerginliğini azaltmaya yardımcı olan bir sırt uzatma egzersizidir. Uygulamak için, yüzüstü yere uzanın ve ellerinizi omuzlarınızın altına yerleştirin. Avuç içlerinizi yere bastırın ve kalçalarınızı yerde tutarken göğsünüzü kaldırın. Dirseklerinizi hafifçe bükük ve omuzlarınızı gevşek tutun. Esnemeyi birkaç saniye tutun, ardından yavaşça kendinizi aşağı indirin. Bu egzersiz duruşu iyileştirmek ve bel sertliğini azaltmak için faydalıdır."
Torso rotation stretch,Chest,none (bodyweight exercise),"Gövde rotasyon esnemesi, omurga hareketliliğini artırmaya ve bel ve karın kaslarındaki gerginliği azaltmaya yardımcı olur. Ayakta veya oturarak yapılabilir.

1. **Ayakta Varyasyon**: Ayaklarınız omuz genişliğinde açık olacak şekilde dik durun. Ellerinizi kalçalarınıza koyun veya kollarınızı önünüze uzatın. Kalçalarınızı sabit tutarak gövdenizi yavaşça bir tarafa döndürün. Birkaç saniye bekleyin, ardından diğer tarafa döndürün.

2. **Oturarak Varyasyon**: Ayaklarınız yere düz basacak şekilde bir sandalyeye oturun. Bir elinizi karşı uyluğunuzun dışına koyun ve gövdenizi yavaşça o tarafa doğru çevirin. Diğer tarafa geçmeden önce esnemeyi bir süre tutun."
Knee to Chest Stretch,Legs,none (bodyweight exercise),"Dizden göğse doğru esneme hareketi, bel gerginliğini gidermek ve kalça hareketliliğini artırmak için basit ama etkili bir egzersizdir. Uygulamak için, sırt üstü uzanın ve bacaklarınızı uzatın. Bir dizinizi göğsünüze doğru çekin, ellerinizi kaval kemiğinizin etrafına veya uyluğunuzun arkasına sarın. Diğer bacağınızı yerde düz tutarken, dizinizi yavaşça göğsünüze doğru çekin. Esneme hareketini 15-30 saniye boyunca tutun, ardından taraf değiştirin. Daha derin bir esneme için, her iki dizinizi de aynı anda göğsünüze doğru çekebilirsiniz."
Towel Superman,Back,Vücut Ağırlığı,"Bu egzersizde, yüzüstü yere uzanın, kollarınızı önünüze uzatarak bir havlu tutun ve gerginlik oluşturmak için havluyu birbirinden ayırın.
Ardından, havluyu karnınızın altında ileri geri hareket ettirin.
Bu egzersiz sırt ve omuz kaslarının yanı sıra karın bölgesinin stabilitesini de hedef alır."
Cable Press Around,Chest,Vücut Ağırlığı,"Kablo makarasını göğüs hizasına ayarlayın ve D şeklinde bir tutamak takın.
Tutacağı nötr bir kavrama ile kavrayın ve dirseğiniz tamamen bükülü ve yanınıza yakın olacak şekilde göğsünüzün yanında tutun.
Gövdeniz 45 derece açıda olacak şekilde makaradan uzaklaşın.

Fonksiyonel antrenman aletinin diğer tarafını ilgili elinizle tutun. Daha iyi denge için kademeli bir duruş alın.

Göğsünüzü dik tutarken, dirseğinizi 45 derece açıyla orta çizginizin üzerinden uzatın ve kolunuzu yere paralel tutun.
Kilitlenme noktasına gelmeden durun ve hareket aralığının en üst noktasında göğüs kaslarınızı kasın.
(ROM)."
Cross-Body Cable Y-Raise,Back,Vücut Ağırlığı,Kablo makinesine bir D-Bar takın. Vücudunuzun önünden kılıç çekmeye benzer bir hareket yapın.
No Leg Drive Dumbbell Chest Press,Chest,"Bench, Dumbbell","Normal bir dambıl göğüs presi pozisyonu alın, ancak bacaklarınızı düz bir şekilde yukarı kaldırın veya bacak itişini ortadan kaldırmak için başka bir sehpaya koyun."
punches,Arms,none (bodyweight exercise),"Dengede dur ve normal, düz yumruklar at."
Dumbbell Underhand Dead Row,Arms,Dumbbell,"Dambıl alttan tutuşlu kürek çekme hareketi sırt kaslarını çalıştırdığı için biraz daha ağır ağırlık kullanabilirsiniz. Ancak, tüm tekrarlarda ağırlığı kontrol edebilmeniz gerekir.

1. Ayaklarınız omuz genişliğinde açık ve dizleriniz hafifçe bükülü olarak bir çift dambıl tutarak başlayın.

2. Kalçalarınızdan bükülerek gövdenizi yere neredeyse paralel olana kadar öne doğru indirin, sırtınızı düz tutun ve dizlerinizi hafifçe bükün.

3. Nefes verirken, dirsekleriniz önde olacak şekilde dambılları göğüs hizasına kadar yanlara doğru çekin, üst kollarınız yere paralel olana ve dambıllar göğüs kafesi hizasına gelene kadar devam edin.

4. Yavaşça başlangıç ​​pozisyonuna indirin ve tekrarlayın. Sırtınızı her zaman düz tutun."
Pause Hack Squats,Legs,Vücut Ağırlığı,"Hack squat hareketini, hareketin en alt noktasında 1-2 saniyelik bir duraklama ile yapın. Bu, kaslarda depolanan elastik enerjinin tamamen ortadan kalkmasını sağlar."
Spider Curl,Arms,Incline bench,"DB Spider Curl hareketinden en iyi şekilde yararlanmak için,
45 derecelik eğime ayarlanmış ayarlanabilir bir ağırlık sehpasına ihtiyacınız var. Bu eğimli pozisyon,
kollarınızın serbestçe sarkmasına ve dirseklerinizin gövdenizin biraz önünde olacak şekilde uzatılmış bir başlangıç ​​pozisyonuna gelmesine olanak tanır; bu da hareket boyunca düşük seviyeli izometrik gerilimi korumanın anahtarıdır.

1. Ayarlanabilir bir ağırlık sehpasına yüzüstü uzanın,
göğsünüz tamamen desteklenmiş şekilde, bir çift dambıl tutun.

2. Başınızı nötr bir pozisyonda tutun,
ve boynunuzu bükmeyin.

3. Kollarınızı düz bir şekilde aşağı sarkıtın,
avuç içleriniz öne bakacak şekilde (standart bir Spider Curl için) veya
avuç içleriniz içe bakacak şekilde (bir Hammer Curl egzersiz varyasyonu için).

4. Denge ve kontrolü sağlamak için ayaklarınızı yere sabit tutun.

5. Pazı kaslarınızı kasarak ve dambılları veya curl barını omuzlarınıza doğru kaldırarak curl hareketine başlayın.

6. Dirsek bükülmenizi kontrol altında tutun. Kollarınız gereksiz hareketler olmadan sabit kalmalıdır.

7. En üst noktada 1-2 saniye boyunca sıkıca kasın. Bu,
pazı kas liflerine maksimum gerilimin uygulandığı yerdir.

8. Kasları tüm hareket aralığı boyunca gerilim altında tutmak için ağırlığı kontrollü bir şekilde 3-4 saniye indirin.
"
Calf Raise using Hack Squat Machine,Legs,Vücut Ağırlığı,"İdeal olarak trapez aparatı kullanarak, ayak parmaklarınızın ucuna kalkarak baldır kaslarınızı kullanarak ağırlığı yukarı kaldırın."
Incline Close Grip Barbell Bench Press,Arms,Barbell,"Normal bench press'e göre daha dar bir tutuş, omuz genişliğinin biraz dışında."
Floor Skull Crusher,Arms,SZ-Bar,"Normal bir skull crusher'dan daha fazla ağırlık yüklemenize olanak tanıyan bu aletle, yere uzanın ve her tekrar arasında ağırlığı yere koyarak dinlendirin."
Bent over Cable Flye,Chest,Vücut Ağırlığı,Üst vücudunuzu yaklaşık 105°'lik bir açıyla tutun.
1-Arm Half-Kneeling Lat Pulldown,Back,Vücut Ağırlığı,Yüksek bir makaraya D şeklinde bir tutacak takın. Ve sırt kaslarınızı kullanarak ağırlığı tek elle çekin.
Kroc Row,Back,Vücut Ağırlığı,Daha gevşek bir teknikle ama daha ağır ağırlıkla yapılan dambıl kürek çekme hareketi.
Cable Shrug-In,Shoulders,Vücut Ağırlığı,İki adet D-şekilli tutamağı iki alçak kabloya takın ve üst trapez kaslarınızı kullanarak omuzlarınızı içeri doğru çekin.
Reverse Cable Flye,Back,Vücut Ağırlığı,"D şeklindeki tutamakları üst konumdaki iki kablo makarasına takın. Soldakini sağ elinizle, soldakini ise sol elinizle kavrayın."
W-Raise,Abs,none (bodyweight exercise),"Bu zorlu egzersiz, ters mekik hareketinin bir varyasyonudur ve temelde bacaklarımızla ters bir 'W' şekli çizdiğimiz üç bölümden oluşur.
Başlangıç ​​pozisyonu, sırt üstü yere düz bir şekilde uzanmak ve bacaklarınızı 'W'nin dış bacağının en alt noktasında uzatmaktır. Güçlü bir karın kası ve düz bacaklarla yukarı kalkın, kalçalarınızı kaldırın ve ardından bacaklarınızı yavaşça yarıya kadar indirin. Daha sonra, bacaklarınızı tekrar yukarı kaldırarak kalçalarınızı tekrar yukarı kaldırın, düz çizgiyi koruyarak, karın kaslarınızın gücünü kullanarak sonunda 'W'nin diğer dış bacağına kadar tamamen aşağı inin. Ardından, başlangıç ​​pozisyonuna dönmek için 'W'yi tersine çevirin."
Black Widow Knee Slides,Abs,Vücut Ağırlığı,"Bu alttan yukarıya doğru rotasyon egzersizi hareketinde, dizinizi çaprazlayacak ve karşı dirseğinize doğru iteceksiniz.
Elleriniz omuzlarınızın hemen altında olacak şekilde yüksek plank pozisyonunda (veya masa üstü
pozisyonunda) başlayın. Sol dizinizi sağ kolunuza doğru kaldırın ve daha fazla posterior pelvik eğim ve karın kaslarının devreye girmesi için ön kolunuz üzerinde yukarı kaydırın.
Ardından, sağ dizinizi sol elinize doğru getirerek karşı tarafı yapın."
Butterfly Sit Up,Abs,none (bodyweight exercise),"Bu orta seviye egzersizde, kol kaslarınız yerden kalkmanıza yardımcı olacak küçük bir ivme sağlar.
Ayrıca kollarınızı baş üstü pozisyonda açarak üst sırt kaslarınızı da çalıştırırsınız.
Ayaklarınız yere düz basacak şekilde, dizleriniz açılı, kollarınız göğsünüze doğru çaprazlanmış olarak uzanın.
Karın kaslarınızı kullanarak, kollarınızı kale direği pozisyonuna getirirken üst vücudunuzu yerden kaldırın, ardından yavaşça kendinizi başlangıç ​​pozisyonuna geri indirin."
Seated Corkscrew,Abs,none (bodyweight exercise),"Bu karın ve oblik kas egzersizini yapmak için, ellerinizi vücudunuzun arkasına koyarak başlayın,
ve dizlerinizi içeri ve yana doğru çekerek oblik kaslarınızı iyice kasın.
Ardından bacaklarınızı başlangıç ​​pozisyonuna geri uzatın ve karın kaslarınızın karşı tarafına doğru tekrarlayın.

Yeni başlayanlar, bu zorlu ters mekik varyasyonunun ilk 45 saniyesini bile tamamlayamayabilirler. Bu sorun değil çünkü bu size bir başlangıç ​​noktası ve geliştirebileceğiniz bir şey sunuyor."
Levitation Crunch,Abs,none (bodyweight exercise),"Bu yukarıdan aşağıya hareket için,
alt gövdeyi hareket ettirmeden üst gövdeyi hareket ettirmeye çalışıyoruz.
Yere uzanın, ayaklarınız yere düz bassın ve kollarınızı başınızın üzerinde çaprazlayın, elleriniz başınızın arkasında olsun.
Üst vücudunuzu yukarı kaldırın ve kürek kemiklerinizi yerden kaldırın, ardından bir veya iki saniye boyunca en üstte bekleyin.
Üst karın kaslarınızı çalıştırmaya çalışın ve bu kasılmayı 10 kaliteli tekrar boyunca sürdürün."
Sit Up Elbow Thrust,Abs,none (bodyweight exercise),"Bu
yukarıdan aşağıya doğru bir rotasyon hareketidir ve biraz daha
patlayıcıdır.
Dizleriniz bükülü ve ayaklarınız yerde olacak şekilde uzanın, oturun ve ardından sol dirseğinizi tüm vücudunuz boyunca sağa doğru itin, sonra tekrar
merkeze dönün ve son olarak kendinizi aşağı indirin. Sonra diğer tarafa geçin."
Lying Triceps Extensions,Arms,"Barbell, Dumbbell","1. Bu pratik triseps egzersizi için başlangıç ​​pozisyonu, standart bir sehpaya uzanıp her iki elinizde de üstten kavrama ile bir halter veya iki dambıl tutarak, elleriniz omuz genişliğinde açık olacak şekilde durmaktır.

2. Kollarınızı üst göğsünüzün üzerine koyarak başlayın ve dirseklerinizi yaklaşık 45 derecelik bir açıyla geriye doğru bükün.

3. Önce dirseklerinizi bükün ve
sonra üst kolunuzu geriye doğru bırakarak halter/dambılları başınızın arkasına ve yere doğru indirin.
Üst kol pozisyonu açısından, halter/dambıllar asla tamamen başınızın üzerinde olmamalı, bunun yerine arkasında olmalıdır, böylece
triseps kaslarını hedeflediğinizden emin olursunuz.

4. Kürek kemiklerinizi içeri doğru çekin,
dirseklerinizi başınıza doğru sıkıca tutun ve tüm hareket boyunca karın kaslarınızı aktif tutun."
Drag Pushdown,Arms,SZ-Bar,"1. Başlangıç

Bu ip itme hareketi için başlangıç ​​pozisyonu, her iki elinizde ip aparatının tutacakları ve omuz genişliğinde açık ayaklarınızla, kablo makinesine doğru ayakta durmaktır.


2. Kalçalarınızdan hafifçe öne eğilin, göğsünüzü dik tutun ve omuzlarınızı ve dirseklerinizi vücudunuzun arkasına getirin, böylece kablo aparatlarına aşağı doğru bastırdığınızda, triseps uzun baş kasınız tamamen kasılmış olsun.

3. Kablo makinesinin ip aparatını mümkün olduğunca vücudunuza yakın çekin ve
dirseklerinizi kilitlenene kadar düzleştirin."
Dumbbell Cheat Curl,Arms,Dumbbell,"1. Başlangıç ​​pozisyonu ayakta durmaktır.

Ayaklar omuz genişliğinde açık olmalıdır.

2. Eller, avuç içi yukarı bakacak şekilde (avuç içi yukarı bakacak şekilde) dambılları tutmalıdır.

Omuz genişliğinde açık tutulmalıdır.

3. Dirsekler tüm hareket boyunca yanlarınıza doğru bükülü tutularak, dambılları yukarı doğru kıvırmak için ivme kullanın,
hareketin en üst noktasında pazı kaslarınızı sıkın.

4. Yavaşça başlangıç ​​pozisyonuna geri dönmek için indirin.
Egzersiz boyunca karın kaslarınızı sıkı tutun.

Bu zorlu egzersizin konsantrik kıvrılma kısmını atlamak,
gerilim altında kalma süresini artırmak ve aşağı inerken daha ağır ağırlıkla eksantrik aşırı yüklenme yaratmak için harika bir fırsat sunar."
Bizeps Curls Trifecta,Arms,Dumbbell,"Bu egzersiz üç farklı kıvırma hareketinin bir karışımıdır: Supine Çapraz Vücut Kıvırma, Pronasyonlu Çapraz Vücut Kıvırma ve Parasız Kıvırma.
Her biri farklı hedeflere ulaşan üç kıvırma varyasyonu arasında dönüşümlü olarak çalışırsınız,
ve seti normal 8-12 tekrar aralığının ötesine taşıyarak,
bize o yoğunluğu kazandırırsınız.

1. Supine Çapraz Vücut
Kıvırma için, ön kolunuzu avuç içleriniz tavana bakacak şekilde supine edin ve
ön kollarınız vücudunuzun karşısına gelsin. Dambılın içe bakan ağırlığını omzunuza doğru kaldırın.

2. Pronasyonlu Çapraz Vücut
Kıvırma için, ön kolunuzu avuç içleriniz yere bakacak şekilde pronasyon yapın (pronasyonlu
tutuş veya üstten tutuş) ve ön kollarınız vücudunuzun karşısına gelsin. Dambılın içe bakan ağırlığını omzunuza doğru kaldırın.

3. Parasız Kıvırma için,
omuzunuzu dışa doğru döndürürken dambılı kıvıracaksınız. Dambılın içe bakan ağır kısmını omzunuzun dış tarafına doğru kaldırın."
Omni Cable Cross-over,Chest,SZ-Bar,"Harekete göre ağırlıkları ayarlayın.
Yukarıdan aşağıya doğru çekerken, ağırlığı aşağıdan yukarıya harekete göre %20 ila %40 daha fazla artırın.
Bu, yukarıdan aşağıya doğru çalışırken üst göğüs kaslarının doğal olarak alt göğüs kaslarından daha zayıf olmasından kaynaklanmaktadır.
Bu nedenle, ağırlık setinizi bunu telafi edecek şekilde ayarlayın.

1. Bir kabloyu yüksek bir ayara, diğerini ise en düşük ayara getirin.
Kablo kuleleri arasında kademeli bir duruş alın.

2. Düşük ayardaki kabloyu yukarı ve vücudunuzun karşısına doğru çekin.
Bu, üst göğüs kaslarını etkili bir şekilde hedefleyecektir.

3. Yüksek ayardaki kabloyu aşağı ve vücudunuzun karşısına doğru çekin.
Bu, öncelikle alt göğüs kaslarını çalıştıracaktır.

İşiniz bittiğinde, kabloların konumlarını değiştirin. Daha önce yüksek ayarda olan kabloyu en düşük konuma ve tam tersine değiştirin. Her iki göğüs bölgesini de etkili bir şekilde hedeflediğinizden emin olarak egzersiz dizisini tekrarlayın."
Rocking Triceps Pushdown,Arms,SZ-Bar,"Ayaklarınızı ipin altına yerleştirin ve üst vücudunuzu ipe doğru eğin. Bir ayağınızı geriye koyun. İpi aşağı doğru itin ve tüm vücudunuzu arka ayağınızın üzerine yaslayarak ellerinizi vücudunuzun arkasına getirin. İtme sırasında göğsünüzü öne getirmeyi unutmayın. İpi yavaşça bırakırken, vücudunuzu tekrar ön ayağınızın üzerine yaslayın."
Alternating High Cable Row,Back,Vücut Ağırlığı,"1. Başlayın

Kablo istasyonuna aparatı yüksek bir konuma yerleştirin ve aparattan yaklaşık 1 metre geriye adım atın.
Dirseğiniz hafifçe bükülü olarak, kablo makarasının kolunu baş hizasında sol elinizle kavrayın. Sol ayağınızla geriye adım atın.

2.
Dirsek ekleminizi hafifçe döndürerek gövdenize doğru çekin ve tek kollu kürek çekme hareketi yapın.
Döndürürken sırt kaslarınızı çalıştırın.

3. Başlangıç ​​pozisyonuna, kablo makarası ve sol ayağınızla geri dönün ve kablo makarasının kolunu sağ elinizle kavrayın.

Bu hareketi sağ ayağınız geriye doğru atılmış şekilde karşı tarafta tekrarlayın."
Hyper Y W Combo,Back,Vücut Ağırlığı,"1. Bu egzersiz için kalça-arka bacak kaldırma aleti veya denge topu kullanın ve her elinize hafif bir ağırlık plakası alın.

2. Gövdenizi bacaklarınızla düz bir çizgi oluşturacak şekilde kaldırın ve kollarınızı 90 derecelik bir açının biraz ötesine, W pozisyonuna doğru hafifçe kaldırın. Bu şekilde rotator manşet kaslarını çalıştırın ve ardından başlangıç ​​pozisyonuna geri indirin.

3. Daha sonra kollarınızı Y pozisyonunda tekrar yukarı kaldırarak alt trapez kaslarını aktive edin."
Dumbbell Pullover,Back,Dumbbell,"1. Başlangıç

pozisyonu, düz bir sehpaya dik olarak uzanmak, ayaklarınız yere düz basmak ve her iki elinizle başınızın üzerinde bir dambıl tutmaktır.

2. Dirseklerinizde hafif bir bükülme ile, kol kaslarınız gergin pozisyondayken dambılı başınızın üzerinden ve arkasına doğru indirmeye başlayın.

3. Ardından, hareketi tersine çevirerek dambılı tekrar yukarı ve başınızın üzerinden geçirin.

4. Tekrarlar boyunca karın kaslarınızı sıkı ve omurganızı sabit tutun ve sırtınızın sehpadan yukarı doğru kavislenmesine izin vermeyin."
Plank Jacks,Abs,Vücut Ağırlığı,Plank pozisyonundan zıplama hareketleri.
Lying Triceps Kickback,Arms,"Dumbbell, Incline bench","Sehpayı 60 derecelik bir açıya ayarlayın. Ayakta durun ve üst vücudunuzu eğimli sehpaya yaslayın, tüm vücudunuzun neredeyse düz bir çizgi oluşturduğundan emin olun. Omuz küreklerinizi birbirine yaklaştırın, böylece dirsekleriniz gövdenizin arkasında ve üst kollarınız yere neredeyse paralel olacak şekilde konumlansın. Kollarınız düz bir çizgi oluşturana kadar dambılları kaldırın. Dambılları yavaşça başlangıç ​​pozisyonuna indirin. Başlangıç ​​pozisyonu, üst ve alt kolların dikdörtgen bir pozisyona karşılık gelir."
Remada unilateral no cabo,Back,Pull-up bar,"Nötr tutuş. Tek kollu kürek çekme hareketi, diğer adıyla öne eğilerek kürek çekme, sırt ve pazı kaslarını güçlendirmenin yanı sıra duruşu da iyileştiren bir egzersizdir."
High Row,Back,Vücut Ağırlığı,"Tek bacak üzerinde diz çökerek, dirseğinizi sırt kaslarınıza doğru bastırırken kabloyu aşağı doğru çekin."
Bayesian Curl,Arms,Vücut Ağırlığı,Omuz geriye doğru gerilerek yapılan kablo kıvırma hareketi
DB Upper Chest Variation,Chest,Dumbbell,"Elinizde dambıl varken, vücudunuzu kolunuza doğru yaslayarak dambılı göğsünüzün üstüne, başınızın yanına doğru kaldırın; bu şekilde göğüs ve omuz kaslarını birlikte çalıştırın."
DB Underhand bench press,Chest,"Bench, Dumbbell","Avuç içi yukarı bakacak şekilde dambıl alarak, dirseklerinizi göğsünüze yakın tutarak normal bir bench press hareketi yapın."
Elbows Tucked DB Bench Press,Arms,"Bench, Dumbbell","Dirsekler vücuda yakın, dambılla yapılan göğüs presi hareketi, triseps kaslarına odaklanır. Dambıl vücutla paralel kalır."
DB Skull Crushers,Arms,Dumbbell,"Triceps uzatma hareketine benzer şekilde, dambıllar başın yakınına düşer ve tekrar yukarı itilir. Ancak triceps uzatma hareketinin aksine, kolları olabildiğince geriye doğru uzatmaya çalışın."
DB UCV,Chest,Dumbbell,"Dambıl ile üst göğüs egzersizinin bir varyasyonu. Göğüs ve ön omuz kaslarını çalıştıran, baş hizasında yukarı doğru kıvrılma benzeri bir hareket."
Alternative DB Gorilla rows,Back,Dumbbell,"Goril pozisyonunu taklit etmek için hafifçe öne eğilin ve dizlerinizi bükün, ardından dambılları göğsünüze doğru çekin/kürek çekin. Dambıllar düz kalmalı (başparmaklar yukarı bakmalı)."
DB Cross Body Hammer Curls,Arms,Dumbbell,"Dumbbell çapraz vücut biceps kıvırma hareketi, braccialis kasını çalıştırır."
Dumbbell Frog Press,Legs,Dumbbell,"Kalça itme hareketine benzer, ancak ayaklar bir araya getirilerek, kalçalar kurbağa pozisyonunda yerden kaldırılır."
Dumbbell Bradford press,Shoulders,Dumbbell,"Omuz presi pozisyonunda dambılları önden tutarak, başınızın üzerine doğru itin, omuzlarınızın arkasına doğru indirin, aşağı indirin ve tekrar öne doğru itin."
Cable Fly Middle Chest,Chest,Vücut Ağırlığı,"### **Uygulama**

1. **Başlangıç ​​pozisyonu:** Kollarınızı yanlara doğru uzatın (büyük bir “T” şekli), göğsünüzde bir gerilme hissedin.

2. **Hareket:** Ellerinizi göğsünüzün önünde **geniş bir kucaklama hareketiyle** birleştirin.

* Göğsünüzün merkezini sıkmaya odaklanın.

* Dirseklerinizi kilitlemeyin veya pres pozisyonuna getirmeyin.

3. **Dönüş:** Göğsünüzdeki gerginliği koruyarak kollarınızı yavaşça başlangıç ​​pozisyonuna geri açın."
Cable Fly Upper Chest,Chest,Vücut Ağırlığı,"### **Uygulama**

1. **Başlangıç ​​pozisyonu:**

* Kollarınızı aşağı ve vücudunuzun biraz arkasına doğru uzatın, dirsekleriniz hafifçe bükülü olsun.

* Göğsünüzde hafif bir gerilme hissedin.

2. **Hareket:**

* Ellerinizi **yukarı ve bir araya** getirin, üst göğsünüzün önünde, yaklaşık **çene ile köprücük kemiği seviyesinde**.

* Yumuşak ve kontrollü bir hareket kullanın (ani hareketlerden kaçının).

* En üst noktada göğsünüzü 1-2 saniye **sıkın**.

3. **Dönüş:**

* Kollarınızı yavaşça aşağı ve yanlara doğru hareket ettirin, kontrolü ve gerginliği koruyun."
High-Incline Smith Machine Press,Chest,Vücut Ağırlığı,Sehpaya 45-60°'lik bir eğim verin. Barı üst göğüs hizasına değdirin.
Cable Tricep Kickback,Arms,Vücut Ağırlığı,"Sapı kavrayın ve dirseğinizi gövdenizin biraz üstüne doğru yukarı ve geriye çekin.
Set boyunca üst kolunuzu yere paralel tutun."
Neutral Grip Lat Pulldown,Back,Vücut Ağırlığı,Barı nötr bir tutuşla kavrayarak lat pulldown hareketi yapın.
Kong Curl,Arms,Dumbbell,"Bu egzersiz, kabloyla yapılan curl ve kabloyla yapılan crossover egzersizlerine biraz benzer. Ancak göğüs/biceps egzersizi yerine, bu egzersiz önden bakıldığında geniş kol görünümünden sorumlu olan brakialis kasını hedef alır.
Egzersiz sırasında, ön kolunuzu yaklaşık 45 derece pronasyon pozisyonunda tutun. Dirseklerinizi hafifçe bükerek başlayın ve elleriniz (başparmağınız önde) üst orta göğsünüze değene kadar sırayla kıvırın (Kong'un göğsüne vurduğu gibi, bu nedenle egzersizin adı da buradan geliyor)."
Drop Curl,Arms,Dumbbell,"Yavaş tempoda, modifiye edilmiş bir pozisyonda yapılan drop curl hareketi, kol genişliği için brakialis kasını etkili bir şekilde çalıştırır.
Başlangıç ​​pozisyonu, her iki kol da göğüs hizasında birbirine doğru hafif bir açıyla, her elde birer dambıl olacak şekildedir. Curl hareketinin ilk yarısında bir dambılı yavaş ve kontrollü bir şekilde tam uzatılmış kol pozisyonuna yakın bir yere indirin, ardından başlangıç ​​pozisyonuna geri kaldırın, diğer dambıl ise başlangıç ​​pozisyonunda kalsın. Şimdi diğer dambılı da aşağı indirin. Bu, brakialis kası üzerinde gerilimi korur. Aşağı inerken 90 derece işaretini geçtiğimizde, pazı kasları işi devralacaktır."
Overhead Cable Tricep Extension,Arms,Vücut Ağırlığı,Sırtınız kablo makinesine dönük şekilde ip tutamağını kullanın. Kollarınızı tamamen uzatıncaya kadar düzleştirin ve negatif yönde direnç göstererek hareketi tersine çevirin.
Lateral Walk,Back,Vücut Ağırlığı,"Yan adımlar veya çömelme yürüyüşü olarak da bilinen yana doğru yürüyüş, çömelme pozisyonunda yana doğru hareket ettiğiniz bir egzersiz türüdür. Direnç bantlarıyla veya bantsız olarak yapılabilir. Bu egzersizler kalça abdüktörlerini, kalça kaslarını ve diğer dengeleyici kasları güçlendirir."
Leg Press Toe Press,Legs,Vücut Ağırlığı,"Bacak presini, ayaklarınızı platformun altına yerleştirerek baldır kaslarınızı kullanarak hareket ettirin."
Handstand,Shoulders,Vücut Ağırlığı,Kollarınızı yere bastırarak ve karın ile kalça kaslarınızı kasarak serbest bir şekilde amuda kalkma hareketi yapın.
Cable Fly Lower Chest,Chest,Vücut Ağırlığı,"### **Uygulama**

1. **Başlangıç ​​pozisyonu:**

* Kollarınızı yanlara doğru “Y” şeklinde uzatın.

* Göğsünüzde bir gerilme hissedin (dirseklerinizde hafif bir bükülme olsun - kilitlemeyin).

2. **Hareket:**

* Ellerinizi **aşağıya ve birbirine doğru** **göğsünüzün alt kısmına veya karın kaslarınızın üst kısmına** doğru, yumuşak bir yay hareketiyle getirin.

* Alt noktada **göğsünüzü** 1-2 saniye boyunca sıkıca sıkın.

3. **Dönüş:**

* Göğsünüzde iyi bir gerilme hissedene kadar kollarınızı aynı yoldan yavaşça yukarı kaldırın.

* Kontrolü elinizde tutun - ağırlıkların sizi çok hızlı bir şekilde geri çekmesine izin vermeyin."
Incline Smith Press,Chest,Incline bench,"### * **Uygulama** * **Başlangıç ​​pozisyonu:**

* Barı sehpadan kaldırın ve kollarınızı tamamen uzatarak üst göğsünüzün üzerinde tutun.

* Kürek kemiklerinizi **geriye doğru çekilmiş ve sehpaya bastırılmış** halde tutun.

* **İndirme aşaması (eksantrik):**
* Barı yavaşça köprücük kemiğinizin veya üst göğsünüzün hemen altına indirin.

* Kontrolü koruyun - barı zıplatmayın.

* **İtme aşaması (konsantrik):**
* Kollarınız tamamen uzayana kadar barı düz bir çizgide yukarı doğru itin.

* En üst noktada **üst göğsünüzü sıkmaya** odaklanın.

* **Kilitleyin ve tekrarlayın:**
* Tekrarlarınızı tamamlayın, ardından barı güvenli bir şekilde kancalara geri yerleştirin."
Overhead Triceps Extension,Arms,SZ-Bar,"**EZ Bar ile Baş Üstü Triceps Uzatma – Hızlı Kılavuz**

**Baş üstü pozisyon**, triceps kasının uzun başını vurgular (çünkü yük altında gerilir), ancak egzersiz uzatma sırasında **üç triceps başının tamamını** (uzun, lateral ve medial) bir dereceye kadar çalıştırır.

1. **Hazırlık**:

Bir banka (veya standa) oturun ve EZ barı dar, üstten tutuşla tutun.

Barı başınızın üzerine kaldırın, kollarınızı tamamen uzatın. Karın kaslarınızı sıkı tutun.

Ve dirseklerinizi başınıza yakın tutun.

2. **Uygulama**:

Dirseklerinizi bükerek barı yavaşça başınızın arkasına indirin.

Dirsekleriniz öne doğru baksın (dışarı doğru açılmasın).

3. **Bitirme**: Kollarınızı başlangıç ​​pozisyonuna geri uzatın, en üstte triceps kaslarınızı sıkın.

**İpuçları**:

* Omuzlarınızı zorlamamak için hareketi kontrol edin.

* Tam hareket aralığı için orta ağırlık kullanın.

* Sırtınızı düz tutun ve kamburlaşmaktan kaçının."
Incline Static Hold,Chest,Dumbbell,"### **Uygulama**

1. **Pozisyonu Bekleyin:**

* Dambılları **göğsünüzün birkaç santim yukarısına** indirin — normal bir eğimli presin **orta noktasına** yaklaşık olarak.

* Bu, üst göğüs kaslarınızın maksimum gerilim altında olduğu noktadır.

2. **Statik Bekleme:**

* Göğsünüzü sıkı tutarak pozisyonu **20-45 saniye** boyunca bekleyin.

* Yavaşça nefes alın ancak gergin kalın — **göğsünüzü veya omuzlarınızı gevşetmeyin**.

3. **Seti Bitirin:**

* Beklemeden sonra, dambılları dikkatlice indirin ve dinlenin."
Pendular hack,Legs,Vücut Ağırlığı,Sarkaç makinesinde yapılan sarkaç hilesi
Flat Machine Press,Chest,Bench,"### **Uygulama**

1. **Başlangıç ​​pozisyonu:**

* Dirsekler yaklaşık 90° açıyla bükülü, eller göğsünüzün hemen dışında.

* Bileklerinizi düz ve ön kollarınızla aynı hizada tutun.

2. **İtme aşaması (konsantrik):**

* Kollarınız **neredeyse tamamen uzayana** kadar tutamakları ileri doğru itin - kilitlemeyin.

* Hareketin sonunda **göğsünüzü sıkmaya** odaklanın.

3. **Dönüş aşaması (eksantrik):**

* Tutamakları yavaşça göğsünüze doğru geri getirin, **göğüs kaslarınızdaki gerilmeyi** hissedin.

* Gerginliği koruyun - tekrarlar arasında ağırlık yığınının yere değmesine izin vermeyin."
Sled Push,Cardio,Vücut Ağırlığı,"1. Kızak üzerine maksimum yükünüzün %25'ini yükleyin. Bunu bilmiyorsanız, kısa molalarla 10 dakika boyunca itebileceğiniz bir ağırlık seçin. Yeni başlayanlar kızağı ağırlıksız itmeyi tercih edebilirler.

2. Kızakın arkasında durun ve direkleri yüksek kavrama pozisyonunda tutun.

3. Karın kaslarınızı çalıştırın ve tüm bacağınızla güç uygulayarak kızağı olabildiğince hızlı bir şekilde ileri doğru itmeye başlayın. Kızağı ileri doğru hareket ettirirken kalçalarınızı ve dizlerinizi uzatın. Ayak duruşunuz doğal koşu pozisyonunuza benzemelidir."
Battle Ropes,Cardio,Vücut Ağırlığı,"1. İpin uçlarını, elleriniz omuz genişliğinde açık olacak şekilde, kalçalarınızın önünde kollarınızı uzatarak tutun.

2. Karın kaslarınızı sıkın ve her bir kolunuzu sırayla patlayıcı bir şekilde kaldırıp indirmeye başlayın.

3. 1-2 dakika süren üç ila dört set boyunca kolları sırayla hareket ettirmeye devam edin."
Ball Slams,Cardio,Vücut Ağırlığı,"1. Ayaklarınızı omuz genişliğinde açarak, dizlerinizi ve kalçalarınızı hafifçe bükerek, topu iki elinizle göğüs hizasında tutun. Karın kaslarınızı sıkın ve dik bir duruş sergileyin.
2. Dizlerinizi uzatın ve kalçalarınızı öne doğru iterek aynı anda topu kaldırın. Mümkün olduğunca dik durmaya, topu başınızın üzerinde tutmaya, kollarınızı yukarı kaldırmaya, kalçalarınızı hafifçe öne doğru itmeye ve itme kuvvetiyle ayak parmaklarınızın üzerinde durmaya çalışın.
3. Karın kaslarınızı ve kollarınızı kullanarak, sağlık topunu ayaklarınızın arasına olabildiğince güçlü bir şekilde yere vurun. Vuruşu daha da güçlendirmek için kalçalarınızı geriye doğru itin ve dizlerinizi bükün. Topu yere vururken nefes verin.
4. Topu yerden almak için çömelin, ardından hareketi tekrarlayarak hemen bir sonraki vuruşa geçin. Tekrar sayısını veya süreyi sayarak tekrarlayın."
Ski Machine,Cardio,Vücut Ağırlığı,"1. Ayaklarınız kalça genişliğinde açık olacak şekilde platformun üzerinde durun.
2. Avuç içleriniz birbirine bakacak şekilde kolları yukarı uzanarak kavrayın.
3. Dizlerinizi hafifçe bükün, ardından kalçalarınızı geriye doğru iterek, sanki arkanızdan bir kapıyı kapatıyormuş gibi kollarınızı kalçalarınızın üzerinden düz bir şekilde aşağı doğru çekin, elleriniz dizlerinizin yanından geçene kadar.
4. Ardından, kollarınızı tekrar yukarı kaldırırken kalçalarınızı öne doğru itin, kollarınız tamamen uzatılmış halde ayakta durana kadar.
5. Tekrar sayısını, süreyi veya mesafeyi belirleyin."
Pendulum Squat,Legs,none (bodyweight exercise),"Ayaklarınızı tabağın ortasına, omuz genişliğinde yerleştirin. Gövdenizi gerin. Boynunuzu gevşek tutun."
Glute Drive,Legs,Vücut Ağırlığı,Sırt yastığına uzanın ve bel kemeriyle kendinizi bağlayın. Ayaklarınızı omuz genişliğinde açın. Hafifçe yana doğru açık olmaları gerekir.
Toes to bar,Abs,Pull-up bar,"""Ayak Parmaklarını Bara Değdirme"" (Toes to Bar) adı her şeyi anlatıyor: Bu egzersizde, barfiks çubuğundan sarkarak ayak parmaklarınızı yüzünüze doğru, bara doğru getirirsiniz. Bu gerçekten karın kaslarınızı çalıştırır. ""Ayak Parmaklarını Bara Değdirme"", Freeletics ve CrossFit gibi fonksiyonel fitness programlarında popülerdir ve karın kası (six-pack) geliştirme için etkili bir egzersizdir."
Lying Dumbbell Curls,Arms,"Bench, Dumbbell","Her iki elinize birer dambıl alın ve klasik göğüs presine benzer şekilde bir banka sırt üstü uzanın.
Kollarınızı yanlarınızda sarkıtın, dambıllar muhtemelen yere değsin.
Şimdi dambılları yukarı doğru kaldırmaya başlayın, ta ki ön kollarınız tavana dik olana kadar. Dambılları yavaşça indirin, neredeyse tekrar yere değene kadar. Hile yapmamak için dirseklerinizi yerinde tutun."
Cable Curls,Arms,none (bodyweight exercise),Kablo kullanarak yapılan pazı kıvırma hareketi. Oturarak veya ayakta yapılabilir.
Pull-Ups (Wide Grip),Back,none (bodyweight exercise),"**Uygulama**

1. **Çekme aşaması (konsantrik):**

* Dirseklerinizi aşağı ve hafifçe geriye doğru iterek göğsünüzü bara doğru çekin.

* Çenenizi değil, göğsünüzü öne doğru hareket ettirmeye odaklanın.

* Omuzlarınızı aşağıda tutun (omuz silkme hareketinden kaçının).

2. **Üst pozisyon:**

* Çene barı geçmeli (veya en azından bar seviyesine ulaşmalı).

* Sırt kaslarınızı kısa bir süre sıkın."
Barbell Row (Overhand),Back,Barbell,"### **Uygulama**

1. **Başlangıç ​​pozisyonu:**

* Barbell'i kollarınız tamamen yere doğru uzatılmış şekilde tutun.

* Sırt ve lat kaslarınızda gerginliği koruyun."
Barbell Row (Underhand),Back,Barbell,"### **Uygulama**

1. **Başlangıç ​​pozisyonu:**

* Barbell'i kollarınız tamamen yere doğru uzatılmış şekilde tutun.

* Sırt ve lat kaslarınızda gerginliği koruyun."
lying bicep curl,Arms,"Bench, Dumbbell","RP fitness biseps curl varyasyonu, pazı kaslarını iyi bir şekilde esnetmek için."
Delt Stretch,Shoulders,Vücut Ağırlığı,Omuz kaslarınızı belirli bir süre boyunca esnetin.
Pull-up Isometric Hold,Back,Pull-up bar,Çekme hareketini herhangi bir pozisyonda sürdürün.
Barbell Romanian Deadlift (RDL),Back,Barbell,"### **Uygulama**

1. **Kalçadan Bükülme:**

* Dizlerinizde hafif bir bükülme (yumuşak dizler) bırakarak **kalçalarınızı geriye doğru itin**.

* Omurganızı **nötr** tutarak halter çubuğunu **uyluklarınızın/kaval kemiklerinizin önünden** aşağı indirin.

* Barı **vücudunuza yakın** tutun."
One-Arm Heavy Row,Back,Dumbbell,"### **Uygulama**

1. **Kürek çekme aşaması (konsantrik):**

* Dambılı **dirseğiniz** önde olacak şekilde **göğsünüzün alt kısmına veya belinize doğru** çekin.

* Gövdenizi **sabit** tutun — omuzlarınızı bükmekten veya döndürmekten kaçının.

* En üst noktada duraklayın ve **sırt kaslarınızı sıkın**."
Jalón al pecho con agarre ancho,Back,Vücut Ağırlığı,"Lat pulldown, öncelikle sırtınızdaki latissimus dorsi kaslarını (genellikle ""lat"" olarak bilinir) hedefleyen bir çekme egzersizidir. Bu egzersiz için özel olarak tasarlanmış bir makinede otururken, bir kablo çubuğunu veya tutamağı göğsünüze doğru çekmeyi içerir. Lat pulldown genellikle geniş bir tutuşla yapılır, ancak sırt ve kollardaki farklı kas gruplarını hedeflemek için dar bir tutuş veya avuç içi yukarı bakacak şekilde de yapılabilir. Üst vücut gücünü geliştirmek ve duruşu iyileştirmek için popüler bir egzersizdir."
Patadas traseras,Arms,"Bench, Dumbbell","Dambıl geri tepme hareketi, üst kollarınızın arkasındaki triseps kaslarını hedefleyen popüler bir kuvvet antrenmanı egzersizidir. Triseps kaslarını güçlendirmeye ve şekillendirmeye yardımcı olarak genel kol gücüne ve estetiğine katkıda bulunur.

Kol kaslarını çalıştıran egzersizler arasında, geri tepme hareketi ve varyasyonları çok etkilidir. Bu egzersizleri dambıl, kablo veya direnç bantlarıyla kolayca uygulayabilirsiniz."
Wide Pull Up,Back,Pull-up bar,"Geniş tutuşlu barfiks için tutuş genişliği genellikle omuz genişliğinden daha geniştir; bu da ellerinizin standart bir barfiks için olduğundan daha ayrı konumlandırılacağı anlamına gelir.
Bu daha geniş tutuş, latissimus dorsi kaslarını daha etkili bir şekilde hedef alır ve bu da onu özellikle sırt kaslarında olmak üzere üst vücut gücünü geliştirmek için mükemmel bir egzersiz haline getirir.
"
Tuck L-sit,Abs,Bench,"Tuck L-sit, vücut ağırlığınızla yaptığınız bir pozisyondur; paralel barlara, paraletlere veya yere düz kollarınızla destek vererek dizlerinizi göğsünüze doğru çekersiniz. Kalçalarınız yukarıda, omurganız dik kalır ve ayaklarınız yerden hafifçe yukarıda durur. Amaç, bükülmüş pozisyonu korurken karın kaslarınızı sıkı tutmak, omuzlarınızı aşağıda tutmak ve kollarınızı düz tutmaktır. Genellikle tam L-sit'e geçiş aşamasında kullanılan, karın kaslarını çalıştıran ve omuzları stabilize eden statik bir pozisyondur."
Archer Pull Up,Back,Vücut Ağırlığı,"Okçu barfiksi, sırt ve pazı kaslarınızı güçlendiren, tek kollu barfiks hareketine doğru bir ilerleme sağlayan, vücut ağırlığıyla yapılan gelişmiş bir egzersizdir. Adını, en üst noktada vücudunuzun aldığı ""yay germe"" pozisyonundan alır. İşte nasıl yapılır: 1. Tutuş: Barfiks çubuğunu omuz genişliğinden daha geniş bir üstten tutuşla kavrayın. 2. Başlangıç ​​Pozisyonu: Kollarınızı tamamen uzatarak, karın kaslarınızı çalıştırarak ve kürek kemiklerinizi aşağı çekerek asılı kalın. 3. Çekme: Vücudunuzu normal bir barfiks hareketine benzer şekilde bir elinize doğru çekin. Aynı anda, diğer kolunuzu yana doğru uzatın, mümkün olduğunca düz tutun. Çeneniz çeken ele doğru gelmelidir. 4. Bekleme ve İndirme: Bir kolunuz bükülü ve çekiyor, diğer kolunuz uzatılmış haldeyken en üst pozisyonda kısa bir süre bekleyin. Kendinizi yavaşça ve kontrollü bir şekilde başlangıç ​​pozisyonuna indirin. 5. Alternatif: Hareketi tekrarlayın, karşı ele doğru çekerek. Bu egzersizin püf noktası, çalışan kola binen yükü en üst düzeye çıkarmak için yardımcı kolu olabildiğince düz tutmaktır. Bu da onu tek taraflı çekme gücü için zorlu ama etkili bir egzersiz haline getirir."
Larsen Press,Chest,Barbell,Bacaklarınızı ayrı bir sehpaya koyun ve bacaklarınızı kullanmadan itme hareketi yapın.
Bulgarian Squat with Dumbbells,Legs,Dumbbell,"Bulgar split squat, arka ayağın yükseltilmiş bir platform üzerinde durduğu, tek bacak üzerinde çömelme hareketinden oluşur. Arka bacağınızı bir bank üzerine yükseltmek, dengesizlik yaratır ve egzersizin hareket aralığını artırır."
Stair Master,Cardio,none (bodyweight exercise),"Merdiven çıkmayı simüle etmek üzere tasarlanmış kardiyo ve alt vücut kuvveti egzersiz makinesi. Bacakları, kalçaları ve karın kaslarını hedef alan, düşük etkili, yüksek yoğunluklu bir egzersiz sağlarken kardiyovasküler dayanıklılığı da artırır."
Elevación lateral polea,Back,Incline bench,Polea kullanarak tek taraflı yana doğru kaldırma
Butchers Block Stretch,Shoulders,Bench,"1. Ellerinizi birleştirerek diz çökün.
2. Dirseklerinizi önünüzdeki bir banka yaslayın ve göğsünüzü aşağı indirin.
3. Dirseklerinizi bükülü tutarak, düzgün bir duruşla bu pozisyonda kalın."
Clap Push-UP,Chest,none (bodyweight exercise),"El çırpmalı şınav, güç ve hızlı kas lifi kuvveti geliştiren patlayıcı bir üst vücut hareketidir. Geleneksel şınava, ellerin tekrar sırasında yerden kalkmasını gerektirerek pliometrik bir zorluk katar.

1. Ellerinizi omuz genişliğinden biraz daha açık ve karın kaslarınızı sıkı tutarak güçlü bir şınav pozisyonunda başlayın.
2. Vücudunuzu patlayıcı bir şekilde aşağı indirin ve ellerinizi yerden kaldıracak kadar kuvvetle yerden itin.

3. Ellerinizi göğüs hizasında hızlıca birbirine vurun ve ardından yere geri indirin.

4. Darbeyi emmek için dirseklerinizi hafifçe yere vurun ve hemen bir sonraki tekrara geçin."
Sleeper Stretch,Shoulders,none (bodyweight exercise),"1. Yan yatın ve omuz kürek kemiğinizin üzerine biraz ağırlık vererek sabit tutun.
2. Kolunuzu önünüze doğru 90 derece uzatın, yere/matın üzerine yaslayın.
3. Dirseğinizi bükerek elinizi kaldırın, parmaklarınız tavana, avuç içi ise ayaklarınıza doğru baksın.
4. Dirseğinizi sabit tutarak, avuç içini yavaşça yere doğru indirin."
Push-Up,Chest,none (bodyweight exercise),"Şınav, göğüs, kollar ve omuzları hedef alan ve denge için karın kaslarını çalıştıran temel bir vücut ağırlığı egzersizidir. Ekipman gerektirmez ve üst vücut gücünü geliştirmek için mükemmeldir.

Talimatlar:

1. Ellerinizi omuz genişliğinden biraz daha açık, ayaklarınızı birleştirerek ve vücudunuzu baştan topuklara kadar düz bir çizgi halinde tutarak plank pozisyonunda başlayın.

2. Karın kaslarınızı çalıştırın ve dirseklerinizi bükerek, vücudunuza yakın veya hafifçe dışarı doğru açarak vücudunuzu aşağı indirin.

3. Omurganızı nötr tutarak göğsünüz yere neredeyse değene kadar aşağı inin.

4. Avuç içlerinizden iterek başlangıç ​​pozisyonuna dönün ve kollarınızı tamamen uzatın."
Devil’s Press,Shoulders,Dumbbell,"Şeytan Presi, dambıl burpee ve çift dambıl koparma hareketini birleştiren hibrit bir harekettir. Güç, kuvvet ve metabolik kondisyonu geliştiren, tüm vücudu çalıştıran, yüksek yoğunluklu bir egzersizdir.

1. Her iki elinize birer dambıl alarak burpee yapın, dambılları tutarken göğsünüz yere değsin.

2. Ayaklarınızı patlayıcı bir şekilde öne doğru sıçratın ve dambılları bacaklarınızın arasından sallayın.

3. Dambılları tek bir sürekli hareketle başınızın üzerine kaldırın, kollarınızı tamamen düzleştirin.

4. Dambılları kontrollü bir şekilde başlangıç ​​pozisyonuna indirin ve tekrarlayın."
Bird Dog,Abs,none (bodyweight exercise),"Kuş Köpeği, dengeyi, koordinasyonu ve omurga hizalamasını geliştiren bir temel stabilite egzersizidir. Arka kas zincirini güçlendirmek ve genel fonksiyonel kontrolü iyileştirmek için ideal, düşük etkili bir harekettir.

1. Ellerinizi omuzlarınızın altına ve dizlerinizi kalçalarınızın altına yerleştirerek dört ayak üzerinde başlayın, omurganızı nötr tutun.

2. Kalçalarınızı düz tutarak sağ kolunuzu öne ve sol bacağınızı geriye doğru aynı anda uzatın.

3. Karın ve kalça kaslarınızı çalıştırırken tam uzatma pozisyonunda kısa bir süre bekleyin.

4. Başlangıç ​​pozisyonuna dönün ve diğer tarafta tekrarlayın."
Ab wheel,Abs,none (bodyweight exercise),"1. **Başlangıç ​​Pozisyonu**: Karın kası tekerleği önünüzde olacak şekilde yere diz çökün.

2. **Tekerleği Tutun**: Kolları sıkıca kavrayın.

3. **İleriye Doğru Yuvarlayın**: Vücudunuzu uzatırken ve karın kaslarınızı sıkı tutarken tekerleği yavaşça ileriye doğru yuvarlayın.

4. **Geri Dönüş**: Karın kaslarınızdaki gerginliği koruyarak tekerleği dizlerinize doğru geri çekin."
Schwimmen,Cardio,Vücut Ağırlığı,* 20 dakikada 800 metre yüzmek
Standing Dowel Shoulder press,Shoulders,Barbell,Hareketlilik - yüzüstü pozisyonda dübel presi veya ayakta pozisyonda dübel omuz presi (ön ve arka pozisyonlar arasında dönüşümlü olarak)
Snap Down,Legs,Vücut Ağırlığı,"Ayakta durarak başlayın,
kollarınızı başınızın üzerine kaldırın ve ayak parmaklarınızı yere bastırarak topuklarınızı yukarı kaldırın, olabildiğince dik durun.
Bu pozisyondan, her iki ayağınız da yerden hafifçe kalkacak şekilde küçük bir sıçrama yapın.
İnerken dizlerinizi bükün ve kalçalarınızdan öne doğru eğilerek inişi absorbe edin.
Başlangıç ​​pozisyonuna dönün ve tekrarlayın.
Alt vücudunuzdaki kasların çalıştığını hissetmelisiniz.
Kollarınız ve dizleriniz tamamen düz olacak şekilde başlayın.
İnerken dengenizi koruyun ve son pozisyonda kısa bir süre bekleyin, çok hızlı gitmeyin ve dengenizi kaybetmeyin.
Göğsünüzü yukarıda tutun.
İniş mekaniği hakkında detaylı bir video için buraya tıklayın: https://youtu.be/RThUCYRDyZw"
Bretzel stretch,Back,Vücut Ağırlığı,"Bretzel Esnetme Hareketi Nasıl Yapılır? Başlangıç ​​Pozisyonu: Düz bir yüzeye, örneğin bir mata, sırt üstü uzanın. Dizlerinizi bükün ve ayaklarınızı yere düz bir şekilde yerleştirin. Bacak Pozisyonu: Sağ bacağınızı kaldırın ve sol bacağınızın üzerinden geçirin, sağ ayağınızı sol dizinizin dışına yerleştirin. Sol bacağınız yerde düz kalmalıdır. Kol Pozisyonu: Sol kolunuzu omuz hizasında yana doğru uzatın, düz tutun. Sağ elinizi kullanarak sağ dizinizi vücudunuzun sol tarafında yere doğru yavaşça çekin. Esnetme: Dizinizi aşağı çekerken sol omzunuzu yerde düz tutmaya çalışın. Kalçanızda, belinizin alt kısmında ve muhtemelen göğsünüzde bir esneme hissetmelisiniz. Pozisyonu Koruyun:        Bu pozisyonu 20-30 saniye boyunca koruyun, derin nefes alın ve esnemeye kendinizi bırakın.        Diğer tarafa geçin ve işlemi tekrarlayın."
Hip hinge,Legs,Barbell,"Kalça Bükme Egzersizi Açıklaması: Kalça bükme, omurgayı düz tutarken kalçalardan bükülmeyi içeren temel bir hareket modelidir. Genellikle deadlift, kettlebell sallama ve good morning gibi egzersizlerde kullanılır. Kalça bükme hareketini yapmak için: Başlangıç ​​Pozisyonu: Ayaklarınız kalça genişliğinde açık ve dizleriniz hafifçe bükülü olarak durun. Kalçalardan Bükülme: Sırtınızı düz tutarken kalçalarınızı geriye doğru itin. Gövdeniz öne doğru eğilmeli ve göğsünüz yukarıda kalmalıdır. İndirme Aşaması: Gövdeniz yere neredeyse paralel olana veya hamstring kaslarınızda bir gerilme hissedene kadar bükmeye devam edin. Ayakta Durma Pozisyonuna Dönüş: Topuklarınızdan güç alarak kalçalarınızı öne doğru iterek başlangıç ​​pozisyonuna dönün."
Bronco,Cardio,none (bodyweight exercise),"Ragbi için kondisyon testi. 20m, 40m ve 60m'lik (20 yarda, 45 yarda, 65 yarda/45 yarda uzak mesafe) 5 mekik koşusu.
Mümkün olan en hızlı şekilde tamamlayın."
Perpendicular Unilateral Landmine Row,Shoulders,Barbell,"Barbell'i her iki yana 90 derece açıyla yerleştirerek, bir landmine aparatı kullanarak kalçalarınızdan hafifçe bükülün ve barbell'i plaka kılıfından kavrayın. Barbell'i göğüs hizasına kadar kaldırın, hareketin en üst noktasında üst kolunuz yere paralel olmalıdır."
Trap press,Shoulders,"Barbell, Bench, Dumbbell","Yere düz bir şekilde uzanın, kolunuzu yukarı doğru düz bir şekilde uzatın, dirseğinizi tamamen geriye doğru eğin ve sadece omuz kaslarınızı kullanarak ağırlığı rahat edebileceğiniz en yüksek noktaya kadar kaldırın ve tekrar yere geri dönün."
Side-laying interior rotation,Shoulders,"Barbell, Bench, Dumbbell","Yan yatın ve sehpaya en yakın kolunuzu kullanarak, dirseğinizi 90 derece bükün ve ağırlığın sehpanın üzerinden yere doğru, rahat edebileceğiniz en alçak noktaya kadar düşmesine izin verin. Ağırlığı sadece omuz rotasyonu kullanarak karşı omuza doğru kaldırın."
Supine press,Back,"Barbell, Bench",Sıkıca kavrayın ve sehpaya dik olarak itin. Sırtınızı düz tutun.
March or jog in place,Cardio,none (bodyweight exercise),"Hareket etmeden koşmayı simüle eden, düşük etkili kardiyovasküler egzersiz; ısınma, dayanıklılığı artırma veya küçük alanlarda antrenman yapmak için idealdir."
Estiramiento de piernas y cadera,Legs,none (bodyweight exercise),Alt vücut esnekliğini artırmak ve kalçalardaki gerginliği azaltmak için nazik hareketler.
Estiramiento de brazos y cuello,Abs,none (bodyweight exercise),"Üst vücuttaki gerginliği azaltır, özellikle ofiste çalışan veya uzun süre ayakta duran kişiler için faydalıdır."
Respiración profunda (de pie o sentado),Chest,none (bodyweight exercise),"Oksijenlenmeyi artırmak, stresi azaltmak ve anla bağlantı kurmak için bilinçli nefes alma tekniği."
Meditación guiada o libre,Cardio,none (bodyweight exercise),"Kaygı düzeyini azaltmaya, odaklanmayı artırmaya ve genel iyilik halini iyileştirmeye yardımcı olan bir zihinsel farkındalık egzersizi."
Smith Machine Split Squat,Legs,Barbell,"**""Smith Makinesi Split Squat""**, Smith makinesinde yapılan, bacak ve kalça kaslarını hedeflemek için ideal bir kuvvet egzersizidir.

Bir ayağı öne, diğerini arkaya koyarak,
ön uyluk yere paralel olana kadar vücudu aşağı indirmeyi içerir; bu sırada bar
makine üzerinde dikey olarak kayar. Bu egzersiz, dengeyi iyileştirmeye, kas dengesizliklerini düzeltmeye ve sırt üzerindeki stresi azaltmaya yardımcı olarak,
kuvvet antrenmanı için güvenli bir ortam sağlar."
Pull-Ups (Neutral Grip),Back,Vücut Ağırlığı,"### **Uygulama**

1. **Çekme aşaması (konsantrik):**

* Dirseklerinizi aşağı ve geriye doğru iterek, göğsünüzü ellerinize doğru çekin.

* Omuzlarınızı aşağıda ve geriye doğru tutun (omuz silkme hareketinden kaçının).

* En üst noktada sırt kaslarınızı (latissimus dorsi ve üst sırt) sıkmaya odaklanın.

2. **En üst pozisyon:**

* Çeneniz ellerinizin seviyesinde olmalı veya ellerinizin seviyesini geçmelidir.

* Kısa bir süre duraklayın ve sırt kaslarınızı (latissimus dorsi) sertçe kasın."
Reverse Fly Standing,Shoulders,Resistance band,"1. Makinenin karşısında, her iki elinizde birer kablo tutarak düzgün bir duruşla durun.
2. Ellerinizi göğsünüzün önünde tutarak başlayın ve kollarınızı yanlara doğru, dirsekleriniz neredeyse düz olacak şekilde T şeklinde açın.
3. Kollarınızı yavaşça başlangıç ​​pozisyonuna geri indirin.
4. Kollarınızı Y şeklinde açarak tekrarlayın.
5. Kollarınızı W şeklinde açarak tekrarlayın.
6. Kollarınızı yanlarınızda L şeklinde açarak tekrarlayın."
Horizontal Shoulder Flexion Stretch,Shoulders,none (bodyweight exercise),"1. Kolunuzu yana doğru kaldırın ve elinizi omuz hizasında yanınızdaki bir duvara veya kapı eşiğine koyun.
2. Göğsünüzü rahat edebileceğiniz kadar germek için vücudunuzu kolunuzdan uzağa çevirin."
Jalon caballero unialteral,Back,Dumbbell,"```Şövalye duruşunda gerçekleştirilen çekme hareketi
```"
Cat-Cow,Back,Vücut Ağırlığı,Açıklama Bulunamadı!
Dumbbell Scaption,Shoulders,Dumbbell,"Başlangıç ​​pozisyonu:

Ayaklarınız omuz genişliğinde açık olacak şekilde dik durun.

Her iki elinize de nötr tutuşla (avuç içleriniz birbirine bakacak şekilde) birer dambıl alın.

Dirseklerinizde hafif bir bükülme, omuzlarınızda gevşeklik ve kürek kemiklerinizde geriye doğru çekilmiş bir pozisyon sağlayın.

Uygulama:

Dambılları yavaşça öne ve hafifçe yana doğru, vücudunuzdan yaklaşık 30-45° açıyla kaldırın (ön kaldırma ve yan kaldırma arasında bir açı).

Kollarınız omuz hizasına gelene kadar kaldırın (başınızın üzerine çıkarmayın).

En üst noktada bir saniye bekleyin ve omuzlarınızda ve kürek kemiği stabilizatörlerinizde aktivasyonu hissedin.

Dambılları kontrollü bir şekilde başlangıç ​​pozisyonuna indirin.

Nefes alma:

Dambılları indirirken nefes alın.

Dambılları kaldırırken nefes verin.

Yaygın hatalar:

Çok ağır dambıl kullanmak (ani hareketlere neden olur).

Omuz hizasının üzerinde kaldırmak (omuz eklemine gereksiz stres uygular).

Omuzlarda hareketi kontrol altında tutmak yerine, belin alt kısmını kavisli hale getirmek.

Egzersizin amacı:

Alt trapez kasını, serratus anterior kasını ve kürek kemiği stabilizatörlerini aktive eder.

Duruşun düzeltilmesine ve omuz dengesinin iyileştirilmesine yardımcı olur."
Leg curl with elastic,Calves,Resistance band,"Ayakta durma pozisyonu: Bandı ayağınızın ortasına, ayağınızın altına yerleştirin ve çekiç gibi kavrayın."
Sliding Lateral Lunge,Legs,Barbell,"Ayaklarınız kalça genişliğinde açık olacak şekilde dik durun ve kettlebell'i göğsünüze yakın, kadeh pozisyonunda tutun. Bir ayağınızı kaydırıcı, kayma diski veya havlu üzerine koyun. Göğsünüzü dik tutun ve karın kaslarınızı aktifleştirin. Karşıdaki dizinizi bükerek ayağınızı yavaşça yana doğru kaydırın ve kalçalarınızı yana doğru bir hamle pozisyonuna indirin. Çalışan bacağın dizini ayak parmaklarınızla aynı hizada tutun ve içe doğru çökmesine izin vermeyin. Çalışmayan bacak düz kalır ve zeminde sorunsuz bir şekilde kayar. Kettlebell'i kontrol altında tutarak, bükülmüş bacağın topuğundan iterek başlangıç ​​pozisyonuna geri dönün."
Copenhagen Adduction Exercise,Legs,Bench,"Yan yatın ve dirseğinizi omuz hizasının altına yerleştirin, tıpkı yan plank pozisyonunda olduğu gibi. Üst bacağınızı, ayağınızın veya bileğinizin iç kısmı bankın üzerinde olacak şekilde bir banka koyun. Kalçalarınızı kaldırın ve alt bacağınızı yerden kaldırmadan vücudunuzu düz bir çizgide tutun. Bu egzersiz, üst bacağın addüktör kaslarını güçlü bir şekilde çalıştırırken aynı zamanda karın ve kalça stabilizatörlerini de zorlar."
Arm Raises (T/Y/I),Arms,none (bodyweight exercise),"Ayaklarınız kalça genişliğinde açık, karın kaslarınız sıkı ve kollarınız yanlarınızda rahat bir şekilde dik durun. Bu pozisyondan, omuz ve üst sırt kaslarını hedef alacak üç farklı kol kaldırma hareketi yapın:

* **T Kaldırma:** Kollarınızı yere paralel olana kadar yanlara doğru düz bir şekilde kaldırın, “T” şekli oluşturun.

* **Y Kaldırma:** Kollarınızı vücudunuzdan yaklaşık 45° açıyla yukarı kaldırarak “Y” şekli oluşturun.

* **I Kaldırma:** Kollarınızı düz bir şekilde başınızın üzerine, birbirine yakın bir şekilde kaldırarak “I” şekli oluşturun.

Omurganızı nötr tutun, belinizi kamburlaştırmaktan kaçının ve yavaş ve kontrollü bir şekilde hareket edin. Kürek kemiklerinizi birbirine yaklaştırmaya ve omuzlarınızı kulaklarınızdan uzak tutmaya odaklanın."
Typewriter Pull-ups,Back,none (bodyweight exercise),"Omuz genişliğinden biraz daha geniş bir şekilde, üstten kavrama ile barfiks çubuğuna asılın. Çeneniz çubuğun üzerinde olana kadar kendinizi yukarı çekin. En üst pozisyonda, doğrudan aşağı inmek yerine, bir kolunuzu uzatırken diğer kolunuzu bükülü tutarak vücudunuzu bir yana kaydırın. Kendinizi tekrar aşağı indirmeden önce, daktilo hareketine benzer şekilde, bir taraftan diğerine yumuşak bir şekilde geçin. Bu egzersiz, gerilim altında kalma süresini artırır ve tek taraflı çekme gücünü geliştirirken sırt kaslarını, pazı kaslarını ve omuzları güçlendirir."
Bodyweight Biceps Curl,Arms,none (bodyweight exercise),"Düz bir barın altına (bel veya göğüs hizasında) yerleşin. Avuç içleriniz size dönük (supine tutuş) ve omuz genişliğinde açık olacak şekilde barı kavrayın. Kollarınızı düz tutarak geriye doğru yaslanın, böylece vücudunuz yere açılı bir şekilde dursun. Dirseklerinizi yüksekte ve bara yakın tutarak, dirseklerinizi bükerek üst vücudunuzu bara doğru çekin, tıpkı bir pazı kıvırma hareketi gibi. Kendinizi kontrollü bir şekilde tekrar aşağı indirin. Karın kaslarınızı sıkı tutun ve pazı kaslarınızdaki gerilimi en üst düzeye çıkarmak için hareketi yavaş yapın."
Glute Kickback (Machine),Legs,Vücut Ağırlığı,"Kalça kaslarını çalıştırmak için parmak uçlarınızla değil, topuğunuzla itme hareketi yapın.

En üst noktada belinizi aşırı germeyin."
Standing Adduction (Cable),Legs,Vücut Ağırlığı,"Kalçalarınızı dik ve sabit tutun, kabloyu sadece iç uyluk kaslarınızı kullanarak karşı bacağınızın üzerinden çekin.

Gövdenizin öne eğilmesine veya dönmesine izin vermeyin — tekrarı kolaylaştırmak için yana doğru eğilmeyin."
Seated Row (Machine),Back,Vücut Ağırlığı,"Göğsünüzü yukarıda tutun ve hareketin sonunda kürek kemiklerinizi sıkın.

Çekme sırasında öne doğru kamburlaşmayın veya sırtınızı yuvarlaklaştırmayın."
kettlebell sumo deadlift,Legs,Kettlebell,"Ayaklarınızı omuz genişliğinden daha geniş açarak, parmak uçlarınızı dışa doğru çevirin.
Sırtınızı düz, omuzlarınızı geride ve göğsünüzü yukarıda tutun.
Dizleriniz, ayak parmaklarınızla aynı yönde olmalı ve öne doğru hareket etmemelidir.
Yukarı doğru kalkarken, egzersizin etkinliğini en üst düzeye çıkarmak için kalça kaslarınızı kasmanız önerilir."
rubber band glute kickback,Legs,Resistance band,"Lastik bantla kalça geri itme hareketi, eller ve dizler üzerinde yapılan bir egzersizdir; direnç bandını ayağınıza sabitleyerek topuğunuzu geriye ve yukarı doğru itersiniz, hareketin en üst noktasında kalça kaslarınızı sıkarsınız, bu sırada karın kaslarınızı sabit tutar ve sırtınızı düz tutarak kalça kaslarını hedef alıp güçlendirirsiniz."
Dumbbell Hip Thrust,Legs,Bench,"Dambıl Kalça Kaldırma
Yere oturun, arkanıza yatay olarak bir bank yerleştirin ve dizlerinizi bükün. Kalçalarınızın üzerine bir dambıl yerleştirin ve her iki ucunu da ellerinizle tutun. Rahatlığı artırmak için kalçalarınıza bir minder veya havlu koyabilirsiniz. Dizleriniz bükük ve ayaklarınız yere sağlamca basılıyken, bankın üst sırtınıza hafifçe baskı yapması için geriye doğru yaslanın. Bu başlangıç ​​pozisyonunuzdur.
Nefes alın. Nefes verin. Dambılı tutarak, topuklarınızı mindere bastırın ve kalçalarınızı yerden kaldırın, vücudunuz çeneden dize kadar düz bir çizgi oluşturana kadar, omuzlarınızı banka yaslayın ve başınızın omurganızın bir uzantısı olduğundan emin olun.
Nefes alın. Kalçalarınızı başlangıç ​​pozisyonuna geri indirin, ancak kalçalarınızı mindere yaslamayın. Belirtilen tekrar sayısı kadar tekrarlayın."
Treadmill Cardio,Cardio,none (bodyweight exercise),"Bu, dayanıklılığı artırmak, kalori yakmak ve kalp sağlığını desteklemek için koşu bandında yapılan bir kardiyovasküler egzersizdir. Hız ve eğimi kolayca ayarlama olanağı sunarak, yokuş yürüyüşünden yüksek yoğunluklu aralıklı antrenmana (HIIT) ve tempo koşularına kadar çeşitli egzersizler yapılmasına olanak tanır. Sonuçları optimize etmek için egzersizlerinizi çeşitlendirmeniz önemlidir.

Koşu Bandı Kardiyosunun Faydaları:
- Gelişmiş Kardiyovasküler Sağlık:
Koşu bandında düzenli aerobik egzersiz, kalp ve akciğerleri güçlendirerek kalp hastalığını önlemeye yardımcı olabilir.

- Kilo Verme:
Kalori yakarak, koşu bandı antrenmanı kilo verme ve sağlıklı bir kiloyu koruma için etkili bir araç olabilir.

- Kas Güçlendirme:
Bacak ve kalça kaslarını güçlendirerek, özellikle yaşla birlikte kas kaybını önlemeye yardımcı olur.

- Antrenman Esnekliği:
Hızı, eğimi ve aralıkları değiştirmenize olanak tanıyarak, egzersizinizi daha dinamik ve farklı fitness seviyelerine uyarlanabilir hale getirir.

Koşu Bandı Antrenman Çeşitleri:
- Yokuş Yürüyüşü:
Koşu bandının eğimini artırarak ve tempolu bir şekilde yürüyerek dayanıklılığınızı artırabilir ve bacak kaslarınızı çalıştırabilirsiniz.

- Dayanıklılık Koşusu:
Dayanıklılığı artırmak için kalp atış hızınızı hedef bölgede (örneğin Bölge 2) tutan rahat ve istikrarlı bir tempoda koşu.

- Aralıklı Antrenman:
Kalori yakımını ve kardiyovasküler iyileşmeyi en üst düzeye çıkarmak için yüksek yoğunluklu (hızlı koşu) dönemleri düşük yoğunluklu (kolay yürüyüş veya koşu) dönemlerle dönüşümlü olarak yapmak.

- Tempolu Koşu:
Normal bir koşudan biraz daha hızlı, istikrarlı ve sürekli bir tempoda koşu; bu, daha yoğun bir çabayı uzun süre sürdürme yeteneğinizi zorlar."
Patada de burro con mancuerna,Legs,Dumbbell,"Dambıl eşek tekmesi, kalça ve hamstring kaslarını çalıştırmak için etkili bir egzersizdir. Bu egzersiz genellikle dört ayak üzerinde, direnci artırmak için bir dambıl kullanılarak yapılır. Doğru şekilde yapılması için adımlar aşağıda açıklanmıştır.

Başlangıç ​​Pozisyonu: Bir mat üzerinde dört ayak üzerinde durun, elleriniz omuz genişliğinde ve dizleriniz kalça genişliğinde açık olsun.

Dambıl Yerleşimi: Bir dambıl alın ve kaldıracağınız bacağın dizinin arkasına yerleştirin. Egzersiz sırasında düşmesini önlemek için güvenli bir şekilde sabitlendiğinden emin olun.

Egzersiz:
Nefes alın ve nefes verirken, dizinizi 90 derecelik bir açıyla bükerek dambıllı bacağınızı düz bir şekilde yukarı kaldırın.
Bacağınız yere paralel olana kadar kaldırın ve kalça kaslarınızdaki kasılmayı hissedin.
Pozisyonu en üstte bir saniye tutun ve ardından bacağınızı yavaşça başlangıç ​​pozisyonuna indirin. Tekrarlar: Her bacak için 10 ila 15 tekrar yapın ve egzersiz boyunca doğru formu koruduğunuzdan emin olun.
Setler: Kondisyon seviyenize bağlı olarak 2 ila 3 set tamamlayın."
SMR Glutes (lax ball),Legs,Vücut Ağırlığı,Açıklama Bulunamadı!
Cardio en bicicleta estática,Cardio,none (bodyweight exercise),"Sabit Bisiklet Kardiyo Egzersizinin Faydaları
Sabit bisiklet kardiyo, sayısız sağlık ve zindelik faydası sunan mükemmel bir egzersiz şeklidir. İşte en dikkat çekici olanlardan bazıları:
Gelişmiş Kardiyovasküler Sağlık
Kalbi güçlendirir: Düzenli egzersiz, kalp verimliliğini artırmaya ve kardiyovasküler hastalık riskini azaltmaya yardımcı olur.
Dolaşımı artırır: Kan akışını iyileştirir, bu da kan basıncını düşürmeye yardımcı olabilir.
Kalori Yakımı ve Kilo Verme
Etkin kalori yakımı: Yoğunluğa bağlı olarak, saatte 400 ila 600 kalori yakabilirsiniz.
Kilo vermeye yardımcı olur: Dengeli bir diyetle birlikte, sabit bisiklet kardiyo kilo vermede etkili olabilir.
Kas Güçlendirme
Bacakları şekillendirir: Öncelikle kuadriseps, hamstring ve baldır kasları dahil olmak üzere bacak kaslarını çalıştırır.
Kas dayanıklılığını artırır: Zamanla, bacaklarınızdaki dayanıklılığı ve gücü artırabilirsiniz.

Zihinsel Sağlık Faydaları
Stresi azaltır: Egzersiz, ruh halinizi iyileştirebilen ve stresi azaltabilen endorfin salgılar.

Enerjiyi artırır: Düzenli fiziksel aktivite enerji seviyenizi artırabilir ve uyku kalitesini iyileştirebilir."
Straight-Arm Pulldown (Cable),Back,Vücut Ağırlığı,"Kollarınızı düz tutun ancak kilitlemeyin, omuzlarınızla değil, sırt kaslarınızla çekin.

Hareket sırasında omuzlarınızın yukarı kalkmasına izin vermeyin."
Seated Dumbbell Calf Raise,Calves,Dumbbell,"Oturarak yapılan dambıl baldır kaldırma hareketi, alt bacak kaslarını güçlendirmek için hedefli bir egzersizdir. Makine versiyonuyla aynı hareket modelini izler: ağırlığı dizlerinizin üzerine koyarsınız ve ayak bileklerinizi uzatıp bükerek ağırlığı hareket ettirirsiniz."
Unilateral Cable row,Back,Bench,"Kablo çekme makinesinin önüne dikey bir oturma sehpası yerleştirin. Sehpayı, bir tarafa odaklanabileceğiniz şekilde konumlandırın ve ardından yan kaslara odaklanarak yavaşça çekme hareketleri yapın ve gerilmiş pozisyondayken bu kaslarda gerginlik olduğundan emin olun."
Side Straight-Arm Pulldown (Cable),Back,Vücut Ağırlığı,"Gövdenizi sabit tutun ve dış sırt kaslarınızı kullanarak kolu yan tarafınız boyunca aşağı doğru çekin.

Tekrar sayısını hileli bir şekilde artırmak için vücudunuzu bükmeyin veya gövdenizi döndürmeyin."
Shoulder Internal Rotation (Cable),Shoulders,Vücut Ağırlığı,"Dirseğinizi sanki oraya yapıştırılmış gibi yanınıza yapışık tutun.

Gövdenizi döndürmeyin; sadece ön kolunuz hareket etmeli."
Shoulder External Rotation (Cable),Shoulders,Vücut Ağırlığı,"Dirseğinizi yanınızda sabit tutun ve ön kolunuzu yavaşça dışa doğru döndürün.

Bileğinizin veya dirseğinizin yukarı doğru kaymasına izin vermeyin — tek bir düzlemde kalın."
Side Lateral Raise (Cable),Back,Vücut Ağırlığı,"Dirsekleriniz önde olacak şekilde kaldırın, elleriniz önde değil.

Omuzlarınızı silkmeyin; trapez kaslarınızı sakin tutun."
Front Raise (Cable),Shoulders,Vücut Ağırlığı,"Kolu kontrollü bir hareketle hafif bir yay şeklinde kaldırın.

Tekrarın başlangıcında gövdenizi sallamayın."
Face pulls with yellow/green band,Back,Resistance band,"Yüz çekme egzersizi (bantla) – ayakta yatay çekme. Bandı yüz hizasında tutun, dirseklerinizi yukarı ve yana doğru yüzünüze doğru çekerken kürek kemiklerinizi birbirine yaklaştırın. Üst sırt, arka omuz kaslarını çalıştırır ve duruşu iyileştirir."
Isometric Squat to Failure,Legs,none (bodyweight exercise),"İzometrik Çömelme (Kas Kaslarının Kas Kasılmasını Durdurana Kadar): Bir Güç Antrenmanı Tekniği

Tanım

İzometrik çömelme (kas kasılmasını durdurmaya kadar), belirli bir açıda statik bir çömelme pozisyonunda durarak, kaslarınız artık kasılmayı sürdüremeyene kadar bu pozisyonu koruduğunuz bir çömelme egzersizi varyasyonudur."
Single-Leg Lunge with Kettlebell:,Legs,Kettlebell,"Tek Bacaklı Kettlebell Lunge Nasıl Yapılır?

Hazırlık: Ayaklarınız bitişik şekilde ayakta durun. Kettlebell'i iki elinizle sapından tutarak göğsünüze yakın tutun veya tek elinizle (çalışan bacağınızla aynı tarafta) tutun.

Adım Atma ve İndirme: Bir bacağınızla büyük bir adım öne (veya dizleriniz için daha güvenli olan geriye) atın ve her iki diziniz 90 derecelik bir açı oluşturana kadar kalçalarınızı aşağı indirin.

Odaklanma: Sırtınızı düz ve gövdenizi dik tutarak ağırlığınızı ön (veya bükülmüş) bacağınıza verin.

Dönüş: Başlangıç ​​pozisyonuna dönmek için ön bacağınızla itme hareketi yapın."
Single-leg side glute press,Legs,Incline bench,"Tek Bacaklı Yan Kalça Presi, bacak presi makinesinin bir varyasyonudur; vücudunuzu pedin üzerine yana doğru eğerek, bir ayağınızı yüksek ve hafif açılı bir şekilde yerleştirip ağırlığı bastırarak, dış kalça kaslarını (gluteus medius/minimus) ve hamstring kaslarını güçlü bir şekilde hedefleyerek dengeli bacak gelişimi ve stabilitesi sağlar. Bu harekette, topuktan itmeye ve kilitlemeden kontrolü korumaya odaklanmak gerekir.

Nasıl Yapılır:

Kurulum: Bacak presi makinesine oturun, vücudunuzu bir kalçanıza doğru döndürün, bir ayağınızı platformun üzerine yaklaşık 45 derecelik bir açıyla, ayak parmaklarınız hafifçe dışa/öne bakacak şekilde yerleştirin.

Pozisyon: Kalçanızı, dizinizi ve ayak bileğinizi hizalı tutun ve belinizin pedin üzerinde kalmasını sağlayın.

İniş: Ağırlığı yavaşça indirin, dizinizin derinlemesine (90 dereceye yakın) bükülmesine izin verin, kalça ve hamstring kaslarınızda gerilme hissedin.

Pres: Ağırlığı tekrar yukarı doğru itmek için topuğunuzdan (ayak parmaklarınızdan değil) güç alın, kalça ve hamstring kaslarınızı sıkın ve bacağınız tamamen uzamadan hemen önce durun. **Kontrol:** Zıplamaktan kaçının ve belinizin alt kısmının minderden kalkmasına izin vermeyin; hareket boyunca gerginliği koruyun."
Cossack Squats,Legs,Vücut Ağırlığı,Açıklama Bulunamadı!
Assisted chin-ups,Back,Vücut Ağırlığı,Makine desteğiyle (ağırlık kullanarak) barfiks çekme
Neutral-grip pull-ups or TRX rows,Arms,Pull-up bar,"- **Çekme Hareketi: Dikey Çekme — Daha çok sırt kaslarına (latus kasları) odaklanır.**

**TRX Kürek Çekme Hareketi: Yatay Çekme — Daha çok sırt kaslarına (orta sırt kalınlığı ve duruşu) odaklanır.**"
Shrimp Squad,Legs,none (bodyweight exercise),"Tek bacaklı çömelme hareketi, bir bacağınız arkanızda olacak şekilde yapılır."
L-Sit Pull-ups,Arms,none (bodyweight exercise),L-Sit Pull-up hareketi hem üst vücut hem de karın kaslarını çalıştırır.
Back Lever,Back,"Pull-up bar, none (bodyweight exercise)","Kollarınızı uzatarak, yüzüstü bir şekilde barfiks çubuğundan sarkın."
Windshield Wipers,Abs,"Pull-up bar, none (bodyweight exercise)","Barfiks çubuğuna asıl, bacaklarınızı tavana doğru kaldırın. Bacaklarınız düz bir şekilde, alt vücudunuzu bir silecek gibi soldan sağa doğru hareket ettirin."
Machine Side Lateral Raises,Shoulders,Vücut Ağırlığı,"Makineyle yapılan yan omuz kaldırma hareketi, omuz kaslarını (lateral deltoidler) izole eden bir egzersizdir. Denge sağlamak için bir makine üzerinde yapılır ve omuz hizasına kadar yanlara doğru pedleri veya tutacakları kaldırarak dış omuz kaslarını hedef alır, ardından dirsekler hafifçe bükülü ve trapez kasları aşağıda tutularak yavaşça indirilir. Bu egzersiz, sallanmayı önleyerek ve sürekli gerilim sağlayarak omuz genişliğini artırmaya yardımcı olur, bu nedenle yeni başlayanlar veya antrenmanı bitirmek için harika bir egzersizdir.

**Makineyle Yan Omuz Kaldırma Nasıl Yapılır**

**Kurulum:** Omuzlarınız makinenin pivot noktasıyla hizalanacak, göğsünüz pede (veya dışa dönükse sırtınıza) yaslanacak ve kollarınız pedler/tutacaklar ile 90 derecelik bir açı oluşturacak şekilde koltuğu ayarlayın.

**Başlangıç ​​Pozisyonu:** Tutacakları rahat bir şekilde kavrayın, dirsekler hafifçe bükülü ve omuzlar kulaklarınızdan aşağıda (basınç altında) olsun.

**Kaldırma Aşaması:** Nefes verin ve kollarınızı yanlara doğru kaldırarak, üst kollarınızı yere paralel olana kadar yana doğru hareket ettirin.

**Kaldırma Aşaması:** Nefes verin ve kollarınızı yanlara doğru kaldırın. Tepe Noktasında Kasılma: En üst noktada kısa bir süre duraklayın, yan omuz kaslarınızı sıkın, ancak omuzlarınızı yukarı kaldırmayın.

İndirme Aşaması: Nefes alın ve ağırlığı yavaşça ve kontrollü bir şekilde aşağı indirin, aşağı inerken ağırlığa karşı direnç gösterin."
Cable Front Raise with a small bar,Shoulders,Vücut Ağırlığı,"Küçük bir bar ile yapılan Kablo Ön Kaldırma hareketi, sürekli gerilim sağlayarak ön deltoid kaslarınızı (ön omuz kasları) izole eder. Bu hareket için alçak bir makaraya sırtınızı dönerek durmanız, barı üstten kavrama ile tutmanız ve hafifçe bükülmüş kollarla omuz hizasına kadar önünüze kaldırmanız gerekir. Sallanmadan ve karın kaslarınızı sıkı tutarak kontrollü bir şekilde yukarı ve aşağı hareket etmelisiniz. Hafif ila orta ağırlık kullanın ve kas çalışmasını hissetmek için yavaş, kontrollü tekrarlara odaklanın, momentumdan değil.

Kablo Ön Kaldırma (Bar) Nasıl Yapılır

Kurulum: Küçük düz bir barı alçak bir kablo makarasına takın. Ağırlığı hafif veya orta bir ayara getirin.

Başlangıç ​​Pozisyonu: Makineye sırtınızı dönerek durun, barı kalça hizasında üstten kavrama (avuç içleri aşağı bakacak şekilde) ile tutun, kollarınız uzatılmış ancak kilitlenmemiş olsun. Ayaklarınız omuz genişliğinde açık, karın kaslarınız sıkı, omuzlarınız geride ve aşağıda olsun.

Kaldırma: Nefes verin ve dirseklerinizde hafif bir bükülme tutarak, elleriniz omuz hizasına (veya biraz altına) ulaşana kadar barı yavaşça önünüze doğru düz bir şekilde kaldırın.

Bekleme Aşaması: En üst noktada kısa bir süre duraklayın ve ön omuz kaslarınızı sıkın.

İndirme Aşaması: Gerginliği koruyarak, barı yavaş ve kontrollü bir şekilde başlangıç ​​pozisyonuna indirirken nefes alın."
Floor dumbbell bench press,Chest,Dumbbell,"Bu egzersiz, sırt üstü yatarak her iki elinize birer dambıl alıp, göğüs kaslarını hedefleyerek dambılları tavana doğru itmeyi içerir. Ardından dambıllar başlangıç ​​pozisyonuna, yere geri indirilir."
Smith machine squat,Legs,Vücut Ağırlığı,"Teknik ve Uygulama

Smith makinesi squatı, yönlendirilmiş, sabit bir yol izleyen bir halter kullanan geleneksel halter squatının bir varyasyonudur. İşte doğru tekniğin ayrıntılı bir açıklaması:

Başlangıç ​​Pozisyonu

Ayak Yerleşimi: Ayaklarınızı barın biraz önüne, omuz genişliğinde açın.

Bar Pozisyonu: Barı, geleneksel sırt squatına benzer şekilde, üst trapez kaslarınızın/omuzlarınızın üzerine yerleştirin.

Duruş: Kalça rotasyonunun doğal olması için ayaklar hafifçe dışa doğru açılı olabilir.

Squat Hareketi

Barı, emniyet kancalarından kurtarmak için döndürerek kaldırın.

Dizlerinizi ve kalçalarınızı bükerek vücudunuzu yavaşça aşağı indirin.

Uyluklarınız yere paralel olana (veya biraz altına) kadar inin.

Hareketin en alt noktasında kısa bir süre duraklayın.

Başlangıç ​​pozisyonuna dönmek için topuklarınızdan güç alarak yukarı çıkın.

Faydaları ve Dikkat Edilmesi Gerekenler

Avantajları

Azaltılmış Denge Gereksinimleri: Sabit bar yolu, yeni başlayanlar için daha kolay hale getirir.

Kontrollü Hareket: Serbest ağırlık squatlarına kıyasla yanlış form riski daha azdır.

İzolasyon: Odaklanmış bacak kası gelişimine olanak tanır."
Cable pull through,Legs,Vücut Ağırlığı,"**Kablo Çekme** hareketi, kalça menteşesi hareketi kullanarak kalça ve hamstring kaslarını hedefleyen bir alt vücut egzersizidir. Bunu yapmak için, en alt makara ayarına bir ip takın, ip bacaklarınızın arasında olacak şekilde makineden uzağa dönün ve gerilim oluşturmak için öne doğru adım atın. Sırtınızı düz ve dizlerinizi hafifçe bükük tutarak, hamstring kaslarınızda derin bir gerilme hissedene kadar kalçalarınızı geriye doğru, sanki arkanızdan bir kapıyı kapatmaya çalışıyormuş gibi itin.

Tekrarı tamamlamak için, kalçalarınızı patlayıcı bir şekilde öne doğru iterek ayakta durma pozisyonuna dönün ve en üst noktada kalça kaslarınızı sıkıca sıkın. Bunun **bir squat** olmadığını hatırlamak çok önemlidir; dizleriniz çok fazla bükülmemeli ve kollarınız düz ve rahat kalmalı, sadece ip için kanca görevi görmelidir. Bu hareket, geleneksel bir deadlift'e göre bel bölgesine daha az yük bindirirken kalça kaslarında sürekli bir gerilim sağlar."
Side lateral raise - Front (Cable),Shoulders,Vücut Ağırlığı,"Kablolu kaldırma aletinde, önünüzde kablo varken yan lateral kaldırma hareketini yapın ve gerginliğin omuzunuzun arka kısmına odaklanmasına dikkat edin."
Side lateral raise - Back (Cable),Shoulders,Vücut Ağırlığı,"Kablo sehpası üzerinde, kablo arkanızda olacak şekilde yan lateral kaldırma hareketi yapın. Omuzun ön kısmındaki gerginliğe odaklanın."
45° lateral raises,Shoulders,Dumbbell,Ön ve yan kaldırma hareketleri arasındaki boşlukta dambıl kaldırma
Shoulder Y-pull cable,Shoulders,Vücut Ağırlığı,Kablo askısı üzerinde kabloları çaprazlayın ve dirseklerinizi vücudunuza yakın olacak şekilde tavana doğru çekin.
Plank Reach,Abs,none (bodyweight exercise),"Vücudunuzu plank pozisyonuna getirin, gözlerinizi yere dikin. Bir kolunuzu önünüze doğru kaldırın ve indirin. Diğer kolunuzla da aynı hareketi tekrarlayın. Vücudunuzu olabildiğince sabit tutarak yavaşça kaldırıp indirin."
bicep,Arms,Vücut Ağırlığı,Açıklama mevcut değil.
cabel,Legs,Vücut Ağırlığı,Açıklama mevcut değil.
Seated machine row,Back,Vücut Ağırlığı,"Oturarak kürek çekme makinesi,
oturarak gövdeye doğru çekme kolları kullanılarak sırt (latissimus dorsi, romboidler, trapez kasları) kaslarını güçlendirmek için kullanılan bir spor salonu aletidir;
doğru form için ayarlanabilir koltuklara ve göğüs pedlerine sahiptir,
dik duruşu vurgular ve kürek kemiklerini sıkıştırır; bu da duruş ve sırt kalınlığı için çok önemlidir ve
kardiyo kürek çekme makinesinden farklıdır."
Reverse crunch,Abs,none (bodyweight exercise),"1. Yere uzanın.
2. Ellerinizi kalçalarınızın yakınına (genellikle biraz öne, alta veya her ikisine birden) yerleştirin.
3. Bacaklarınızı kaldırın, ancak yaklaşık %70 oranında pelvisinizi de kaldırabilmelisiniz.
4. (isteğe bağlı/değişken) En üst noktada 1,5 saniye bekleyin.
5. Başlangıç ​​pozisyonuna geri dönün."
Legend Incline Bench Press,Chest,Vücut Ağırlığı,LeverEdge makinesinde eğimli sehpa presi.
Single-Leg Deadlift with Dumbbell,Legs,Dumbbell,"Başlangıç ​​Pozisyonu: Dizleriniz hafifçe bükülmüş şekilde dik durun ve bir veya iki elinize bir dambıl alın. Ağırlığınızı destekleyici bacağınıza (örneğin sağ bacağınıza) verin ve destekleyici olmayan ayağınızı yerden hafifçe kaldırın.

**Eğilme:** Sırtınızı düz ve karın kaslarınızı aktif tutarak, kalçalarınızdan eğilin ve kalça kaslarınızı geriye doğru itin. Gövdeniz aşağı inerken, denge için destekleyici olmayan bacağınızı düz bir şekilde arkanıza doğru uzatın, kalçalarınızı yere paralel tutun. Dambıl(lar) destekleyici bacağınızın hizasında yere doğru inmelidir.

**Hareket Aralığı:** Gövdeniz yere neredeyse paralel olana kadar veya destekleyici hamstring kaslarınızda yoğun bir gerilme hissedene kadar indirmeye devam edin, hareket boyunca sırtınızın nötr kalmasına dikkat edin.

**Başlangıç ​​Pozisyonuna Dönüş:** En alt noktada duraklayın, ardından kalça ve hamstring kaslarınızı kasarak gövdenizi yavaşça başlangıç ​​pozisyonuna geri kaldırın. Destekleyici olmayan bacağınız, destekleyici bacağınızla aynı hizada olmalıdır.

Taraf Değiştirin: Bir tarafta istediğiniz tekrar sayısını tamamladıktan sonra, ağırlığı değiştirin ve hareketi diğer bacakta tekrarlayın."
Single Leg Glute Bridge,Legs,none (bodyweight exercise),"Kalça köprüsü, yani her seferinde sadece bir bacağınızı kullandığınız bir egzersiz."
Machine Hip Abduction,Legs,Vücut Ağırlığı,"Teknik ve Uygulama

Başlangıç ​​Pozisyonu

Oturma Pozisyonu: Sırtınız mindere yaslanmış şekilde makineye oturun.

Bacak Yerleşimi: İç uyluklarınız makinenin minderli direnç noktalarına yaslansın.

Makineyi Ayarlayın: Kalça ekleminizi makinenin pivot noktasıyla hizalamak için oturma pozisyonunu ayarlayın.

Hareket Tekniği

Bacaklarınız bitişik veya iç minderlere hafifçe bastırılmış şekilde başlayın.

Bacaklarınızı yavaşça dışarı doğru itin, birbirinden ayırın.

Maksimum rahat yanal hareket aralığına ulaşana kadar hareket edin.

Hareketin en dış noktasında kısa bir süre duraklayın.

Kontrollü bir hareketle yavaşça başlangıç ​​pozisyonuna dönün.

Biyomekanik Analiz

Kas Katılımı

Birincil Aktivasyon: Gluteus Medius (yan kalça kası)

Stabilizasyon: Karın ve alt sırt kaslarını çalıştırır.

Fonksiyonel Hareket: Yürüyüşte, sporda ve günlük aktivitelerde kullanılan yanal bacak hareketini taklit eder.

Faydaları

Güç ve Stabilite

Kalça Stabilitesini Geliştirir

Riski Azaltır Diz Yaralanmaları

Yanal Hareket Yeteneğini Geliştirir

Sıklıkla İhmal Edilen Kas Gruplarını Hedefler"
"Wrist curl, cable",Arms,Vücut Ağırlığı,"1. Kolunuzu aşağı doğru uzatın, ardından ön kolunuzu hafifçe yukarı kaldırın.
2. Bileğinizi avuç içi yukarı bakacak şekilde uzatın.
3. Kablonun yüksekliğini, kablo kolu avuç içi yukarı bakacak şekilde elinizde olacak şekilde ayarlayın.
4. Hareketi şu şekilde gerçekleştirin:

Avuç içlerinizi ve bileklerinizi yukarı doğru kıvırın.
5. (İsteğe bağlı/değişken) En üst noktada kısa bir süre bekleyin.
6. Yavaşça başlangıç ​​pozisyonuna dönün."
Chair dips,Shoulders,none (bodyweight exercise),"**Başlangıç ​​pozisyonu:**

Bir sandalyenin ön kenarına oturun, sırtınız dik, elleriniz ön kenarı tutsun. Sandalyenin kenarını tutmaya devam ederek, kollarınızı uzatın, kalçalarınızı kaldırın ve sandalyeye birkaç santim kadar yaklaşacak şekilde hafifçe öne doğru yürüyün.

**Adımlar:**

1. Sırtınızı dik tutarak vücudunuzu yavaşça indirin, kollarınız dik açı oluşturana kadar.

2. Vücudunuzu tekrar başlangıç ​​pozisyonuna kaldırın, kollarınızı uzatın.

3. Tekrarlayın."
Pec deck rear delt fly,Shoulders,Vücut Ağırlığı,"Pec deck makinesinde oturarak arka delt kası çalıştırma hareketi (makineye dönük ve kollar geriye doğru uzatılmış şekilde, eller omuz hizasında olmalıdır)."
Deficit Push ups,Chest,none (bodyweight exercise),"Şınav çekerken blokların veya tutacakların üzerinde durun, böylece iniş sırasında ellerinizden daha aşağıya eğilebilirsiniz."
Butterfly Stretch,Legs,none (bodyweight exercise),"1. Ayak tabanlarınız hafifçe birbirine bastırılmış şekilde dua pozisyonunda oturun.

2. Ellerinizi kullanarak ayaklarınızı yavaşça kasıklarınıza doğru çekin. Gerektiği kadar bu pozisyonda kalın."
Frog Stretch,Legs,none (bodyweight exercise),"1. Ellerinizi ve dizlerinizi yere koyun.

2. Dizlerinizi dışa doğru açın ve dirseklerinizin üzerine inin.

3. Dirseklerinizi veya dizlerinizi hareket ettirmeden, kalçalarınızı ayaklarınıza yaklaştırmaya çalışarak ileri ve geri sallanmaya başlayın."
Supino inclinado,Chest,Vücut Ağırlığı,"90 derece eğimli ve hafif, hassas hareketlerle."
Landmine Rotation,Abs,Barbell,"Önce landmine barını omuzlarınızı kullanarak yukarı doğru iterek düz bir şekilde yukarı kaldırın. Ardından, bu pozisyondan yanınıza doğru indirerek karın kaslarınızı çalıştırın ve başlangıç ​​pozisyonuna geri dönün."
Supino Inclinado,Chest,Vücut Ağırlığı,90 derecelik açı.........................
unilateral cross body cable pull down,Shoulders,Vücut Ağırlığı,Kablo sehpasına kabloyu yukarıya yerleştirin ve düz bir kolla kabloyu yukarıdan aşağıya doğru çapraz olarak çekin. Sırt ve omuz kaslarınızdaki gerginliğe odaklanın.
Supino Inclinado,Arms,Vücut Ağırlığı,Yavaşça 90 derecelik bir açıya çevirin.
Trap Bar Squat,Legs,Vücut Ağırlığı,"Altıgen/trap bar kullanımıyla squat ve deadlift prensiplerinin birleşimi, ağırlığı daha iyi merkezleyerek bel üzerindeki stresi azaltır."
ankle dorsiflexion rocks,Legs,none (bodyweight exercise),Topuğunuzu yerde tutarak dizinizi öne doğru hareket ettirin. Bu pozisyonda birkaç saniye bekleyin ve başlangıç ​​pozisyonuna geri dönün.
Lat Pull Down,Back,Vücut Ağırlığı,"Lat pulldown, sırt kaslarını geliştirmek için kullanılan bir egzersizdir. Egzersiz öncelikle lat kaslarını hedef alsa da, pazı ve orta sırt kaslarının da önemli ölçüde çalıştığını fark edeceksiniz."
Parallel Bar Hold,Arms,Vücut Ağırlığı,"1. Paralel barların arasına durun.

2. Ellerinizi, eklemleriniz dışa dönük şekilde barların üzerine koyun.

3. Kendinizi yerden kaldırmak için ellerinize aşağı doğru bastırın.

4. Kollarınız düz bir şekilde, gerekli süre boyunca bu pozisyonda kalın."
Reverse Hyperextension,Legs,Bench,"Yüzüstü bir banka uzanın, bacaklarınız kenardan sarkacak şekilde.

1. Kalçalarınızı bükerek uyluklarınız dikey hale gelsin, aynı anda dizlerinizi de bükerek kaval kemiklerinizin yatay kalmasını sağlayın.

2. Bacaklarınızı düzleştirin, bükülü olmasınlar ve ayak parmaklarınız yatay olarak geriye doğru baksın.

3. Başlangıç ​​pozisyonuna dönün ve tekrarlayın."
Sphinx,Abs,none (bodyweight exercise),"Yüzüstü yere uzanın, bacaklarınızı uzatın ve ayaklarınızın arkasını yere değdirin.
Ön kollarınızı omuzlarınızın altına, dirseklerinizi doğrudan altına getirin.
Ardından ellerinizi yere bastırarak göğsünüzü kaldırın.
Omuz küreklerinizi birbirine yaklaştırın, köprücük kemiklerinizi açın ve alt sırtınızı gevşek tutarak bakışlarınızı ileriye doğru yönlendirin."
Open Book,Back,none (bodyweight exercise),"**Temel Egzersiz**

* **Odak Noktası:** Göğüs hareketliliğini ve
omurga segmentasyonunu artırırken omuzları ve göğsü açar.

* **Pozisyon:** Sağ tarafınız duvara dönük şekilde yerde diz çökün. Kalçalar düz ve sabit, sağ diz yerde ve sol ayak önde. Omurganızı uzatın ve başınızı rahat bir şekilde hizalayın.

Kollarınız gevşek ve göğsünüzün önünde açık, avuç içleriniz birbirine dönük ve elleriniz ayrı olacak şekilde başlayın.

* **Nefes alın**
hareketi başlatmak için, sol kolunuzun -duvardan daha uzakta olan kolunuzun- dışarı ve geriye doğru açılmasına izin verin.
Dönmeyi göğüs omurganızdan yönlendirin,
pelvisinizi sabit tutarken üst sırtınızı kademeli olarak döndürün.

* **Nefes verin** dönüşü tamamlarken, sol elinizi
duvara doğru yönlendirin ve bakışlarınız elinizi takip etsin.

* **Nefes alarak geri dönün** ve
kolunuzu yavaşça öne doğru getirin, omurga rotasyonunu segment segment tersine çevirin.

* **Karşı tarafta tekrarlayın.**

**İlerleme**

* **Pozisyon:** Sağ tarafınız duvara dönük şekilde yere diz çökün. Sol diziniz yerde, sağ ayağınız önde.

* **Temel egzersizden önce:** Nefes alın, **nefes verin** ve sağ kolunuzu duvar boyunca yukarı ve geriye doğru dairesel hareketlerle hareket ettirin, **nefes alın** ve kolunuzu geri getirin.

* **Temel egzersiz.**
* **Karşı tarafta tekrarlayın.**"
Dumbell Tate Press,Arms,"Bench, Dumbbell","1. **Hazırlık**: Her iki elinize birer dambıl alarak yere uzanın. Kollarınızı, dambıl bench press'in en üst noktasındaymış gibi göğsünüzün üzerinde düz bir şekilde uzatın.
2. **Başlangıç ​​Pozisyonu**: Dambılları, avuç içleriniz ayaklarınıza, başparmaklarınız birbirine bakacak şekilde, birbirine değecek veya çok yakın olacak şekilde yerleştirin.
3. **İndirme**: Üst kollarınızı veya omuzlarınızı hareket ettirmeden, dirseklerinizi bükün ve yanlara doğru açın. Dambılların iç uçlarını göğsünüzün ortasına doğru indirin.
4. **Dokunma ve Bekleme**: Dambılları nazikçe göğsünüze değdirin. Ağırlığı vücudunuza yaslamayın; triseps kaslarınızda sürekli gerginlik sağlayın.
5. **Pres**: Dambılları başlangıç ​​pozisyonuna geri döndürmek için dirseklerinizi kuvvetlice uzatın. Triseps kaslarının maksimum düzeyde çalışmasını sağlamak için ""serçe parmaklarınızı yukarı doğru itmeye"" odaklanın.

https://www.youtube.com/watch?v=IgSjoXbpy1M&t=2"
Chest-Supported Rear Delt Raise,Shoulders,"Bench, Dumbbell","""Y"" Pozisyonu: 30-45 derece eğimli bir sehpa ayarlayın. Göğsünüz desteklenmiş şekilde yüzüstü uzanın, boyun zorlanmasını önlemek için başınızı nötr tutun veya hafifçe aşağıya doğru bakın. Tutuş: Hafif dambılları nötr veya başparmak yukarı (başparmak tavana doğru bakacak şekilde) tutuşla tutun. Hareket: Dirsekleriniz düz veya hafifçe bükülmüş halde, dambılları yukarı ve dışarı doğru ""Y"" şeklinde kaldırın. Sadece kolları kaldırmak yerine omuzları ve kürek kemiklerini hareket ettirmeye odaklanın. Tepe Pozisyonu: Kürek kemiklerinizi birbirine yaklaştırın ve yukarı doğru uzanın, kolların ""Y"" şeklini oluşturacak şekilde açılı olduğundan emin olun. Kontrol: Dambılları yavaşça başlangıç ​​pozisyonuna indirin."
Band pull-apart with external rotation,Shoulders,Resistance band,"Ayaklarınız omuz genişliğinde açık, göğsünüz dışarıda ve omuzlarınız geride olacak şekilde dik durun.

Direnç bandını, avuç içleriniz yukarı veya birbirine bakacak şekilde (bant türüne bağlı olarak) iki elinizle tutun.

Dirseklerinizi 90 derecelik bir açıyla bükün ve üst kollarınızı yanlarınıza yapıştırın.

Başlangıç ​​pozisyonunda, elleriniz karnınızın önünde birbirine daha yakın olacak şekilde, bantta bir miktar gerginlik olmalıdır.

Dışa Döndürme: Dirseklerinizi yanlarınıza yakın tutarak, bandı gererek ellerinizi yavaşça birbirinden uzaklaştırın.

Sıkıştırma: Ellerinizi dışa doğru döndürürken kürek kemiklerinizi birbirine ve aşağı doğru sıkıştırın.

Hareket Aralığı: Dirseklerinizin yanlarınızdan ayrılmasına izin vermeden, ellerinizi rahatça döndürebildiğiniz kadar dışa doğru döndürün.

Bekleme: Kas aktivasyonunu en üst düzeye çıkarmak için son pozisyonu 1-2 saniye bekleyin.

Dönüş: Yavaş ve kontrollü bir şekilde ellerinizi başlangıç ​​pozisyonuna geri getirin."
Double-Leg Abdominal Press,Abs,"Gym mat, none (bodyweight exercise)","Sırt üstü uzanın, dizlerinizi ve kalçalarınızı 90 derece bükün (masa üstü pozisyonu).

Ellerinizi dizlerinizin hemen üstüne, uyluklarınızın üzerine koyun. Karın kaslarınızı kullanarak dizlerinizi ellerinize doğru çekerken, ellerinizi olabildiğince sert bir şekilde dizlerinize bastırın.

10 saniye boyunca maksimum eforla bu pozisyonda kalın. Karın kaslarınız titremeli."
Abdominal Draw-In,Abs,none (bodyweight exercise),"Sırt üstü uzanın, dizlerinizi bükün.
Kalçalarınızı hareket ettirmeden veya nefesinizi tutmadan göbek deliğinizi yavaşça omurganıza doğru çekin.
"
Landmine Squat to Press,Legs,Barbell,"Bar Pozisyonu: Barbell'in bir ucunu landmine aparatına veya güvenli bir köşeye sabitleyin.

Duruş: Barbell'e dönük, ayaklarınız omuz genişliğinden biraz daha açık olacak şekilde durun. Daha iyi pelvik hareket ve derinlik sağlamak için ayak parmaklarınızı 10-35 derece dışa çevirin.

Tutuş: Barbell'in serbest ucunu iki elinizle (parmaklarınız birbirine kenetlenmiş veya üst üste gelecek şekilde) kavrayın ve köprücük kemiğinizin hemen altında, göğüs hizasında tutun.

İniş: Karın kaslarınızı sıkın ve göğsünüzü yukarıda ve ağırlığınızı topuklarınızda tutarak çömelme pozisyonuna geçin.

Derinlik: Uyluklarınız en az yere paralel olana kadar inin. Dirseklerinizin uyluklarınızın üst kısmına veya dizlerinizin hemen içine değmesi iyi bir referanstır.

Duruş: Hareket boyunca sırtınızın düz ve omurganızın nötr kalmasına dikkat edin.

İtme: Topuklarınızdan güçlü bir şekilde iterek ayağa kalkın. Ağırlığı yukarı doğru ""itmek"" için bacaklarınızdan gelen ivmeyi kullanın.

Uzatma: Tek bir akıcı hareketle, kollarınız tamamen uzayana kadar barı başınızın üzerine doğru itin. En üst noktada, pazılarınız kulaklarınıza yakın olmalıdır.

""Öne Eğilme"": İtme işleminin en üst noktasına ulaştığınızda, kürek kemiklerinin doğru yukarı doğru dönmesini sağlamak ve belinizin kamburlaşmasını önlemek için bara doğru hafifçe öne eğilin.

Bir sonraki tekrara hemen başlamadan önce, barı kontrollü bir şekilde yavaşça göğüs hizasına indirin."
Barbell Step Back Lunge,Legs,Barbell,"Adım 1: Ayaklarınızı kalça genişliğinde açarak durun ve halter çubuğunu sırtınızın üst kısmında tutun.

Adım 2: Sırtınızı düz, göğsünüzü yukarıda ve karın kaslarınızı sıkı tutun.

Adım 3: Bir bacağınızla geriye doğru bir adım atın ve her iki dizinizi bükerek vücudunuzu aşağı indirin. Arka dizinizin yere neredeyse değdiğinden emin olun.

Adım 4: Başlangıç ​​pozisyonuna dönmek için arka ayağınızdan iterek kendinizi yukarı kaldırın.

Adım 5: Hareketi diğer bacağınızla tekrarlayın.
İstediğiniz tekrar sayısına ulaşana kadar bacaklar arasında dönüşümlü olarak devam edin."
Hammerstrength Decline Chest Press,Chest,Vücut Ağırlığı,"1. Omuz kürek kemiklerinizi birbirine yaklaştırarak ve topuklarınızı dizlerinizin altına yere sıkıca yerleştirerek, Hammerstrength eğimli göğüs presi makinesinde dik oturun.

2. Sırt yastığı her zaman başınız, omuzlarınız ve kalçalarınızla temas halinde olmalıdır.

3. Kolları, omuz genişliğinden biraz daha açık, göğsünüzün hemen altında, üstten kavrama ile tutun.

4. Karnınıza nefes alarak ve karın kaslarınızı kasarak gövdenizi sıkı tutarak, dirseklerinizi gövdenizden 45 derecelik bir açıda tutarak avuç içlerinizle iterek dirseklerinizi uzatın.

5. Kollarınız tamamen uzadığında, başlangıç ​​pozisyonuna geri dönün."
Ring Support Hold,Chest,Vücut Ağırlığı,"Kollarınız yanlarda düz olacak şekilde jimnastik halkalarında destek pozisyonunda durun. Halkaların hafifçe dışa dönük kalmasına ve vücudunuzun içe doğru çukur pozisyonunu korumasına odaklanın. Bu, göğüs, omuz ve triseps kasları için izometrik bir pozisyondur."
Floor Glider Hamstring Curls,Shoulders,Vücut Ağırlığı,"Sırt üstü uzanın, topuklarınızı yer kaydırıcılarına veya havlulara koyun. Kalçalarınızı köprü pozisyonuna kaldırın, ardından kalçalarınızı yukarıda tutarak topuklarınızı kalçalarınıza doğru kaydırın. Kalça köprüsünü koruyarak yavaşça başlangıç ​​pozisyonuna dönün."
Trap-3 Raise,Back,none (bodyweight exercise),"1. Öne doğru eğilin ve dizlerinizi hafifçe bükün. Kullanacağınız omzunuzu aşağı doğru bastırın ve geriye doğru çekin. Diğer elinizi dizinizin üzerine koyun.

2. Omzunuzun pozisyonunu koruyarak elinizi yaklaşık 15 derece yukarı kaldırın."
External Rotation Stretch,Shoulders,Barbell,"1. Ayaklarınızı birbirine yaslayarak oturun ve bir dizinizi vücudunuzun yanına doğru tamamen kaldırın.

2. Dirseğinizi kaldırdığınız dizinizin üzerine koyun, 90 derece bükün ve halter/dambıl tutarak elinizi doğrudan ileriye doğru uzatın.

3. Omuzunuzu aşağıda ve geriye doğru tutarak, bir robot gibi birine el sallayacakmış gibi ön kolunuz dikey olana kadar elinizi kaldırın.

4. Elinizi başlangıç ​​pozisyonuna indirin ve tekrarlayın."
Banded Shoulder Drills,Shoulders,Resistance band,"1. Direnç bandını arkanızdaki sağlam bir yere bağlayın. Bandı elinizde gergin tutarak, ondan uzakta durun.

2. Ekli YouTube videosunu izleyin: https://www.youtube.com/watch?v=zdwEWchSjrI ."
Solo Hip Flexor Stretch,Legs,none (bodyweight exercise),Bu bilgilendirici videoyu izleyin: https://www.youtube.com/watch?v=qHwyBHS6MQs .
Bent-Leg Hamstring Stretch,Legs,none (bodyweight exercise),Stretch Therapy'nin bu eğitici videosuna göz atın: https://www.youtube.com/watch?v=CrF2iMnn09w .
Seated Shoulder Extension Stretch,Shoulders,none (bodyweight exercise),"1. Ellerinizi arkanıza, omuz genişliğinde açarak oturun.

2. Dirseklerinizi kilitleyin.

3. Ayaklarınızı ve kalçalarınızı öne doğru kaydırarak omuzlarınızı yere doğru indirin.

4. İyi bir esneme elde etmek için mümkün olduğunca ileri gidin.

Videoyu izleyin: https://www.youtube.com/watch?v=ihUAbG0e8zw"
Horse Stance (Side Splits),Legs,none (bodyweight exercise),"1. Ayaklarınızı geniş açarak ve parmak uçlarınızı hafifçe dışa doğru çevirerek çömelme pozisyonunda durun.

2. Yavaşça derin ve geniş bir çömelme pozisyonuna geçin - kalçalarınız dizlerinizin altında olmalıdır.

3. 3 ila 5 saniye boyunca bu pozisyonda kalın.

4. Kontrollü bir şekilde doğrulun ve gerektiği kadar tekrarlayın."
Calves foam roller,Legs,none (bodyweight exercise),Baldırlarınızı yavaşça köpük silindir üzerinde hareket ettirin.
Hamstring Foam roller,Legs,none (bodyweight exercise),Diz arkası kaslarınızı köpük silindir üzerinde yavaşça hareket ettirin.
Foam Roller Anterior tibialis,Legs,none (bodyweight exercise),"Köpük silindiri tibial anterioris kasında yavaşça kullanın. (Bu İngilizce'dir, lütfen okuyun.)"
Foam Roller Iliotibial band,Legs,none (bodyweight exercise),İliotibial bandınızın üzerine köpük silindiri kaydırın. İngilizce berbat bir kontrol oyunu mu?
Foam Roller quadriceps,Legs,none (bodyweight exercise),Köpük silindiri uyluk kaslarınızın üzerinde kaydırın. (Lütfen İngilizce olarak yazın.)
Foam Roller Gluteus,Legs,none (bodyweight exercise),Köpük silindiri kalçalarınızın üzerinde kaydırın. Lütfen İngilizce olsun.
Foam Roller Adductors,Legs,none (bodyweight exercise),Köpük silindiri iç bacak kaslarınızın üzerinde kaydırın. Lütfen İngilizce olsun.
Side stretch,Back,Vücut Ağırlığı,Egzersizi anlamak için videoyu izleyin.
Hip Circles,Legs,Vücut Ağırlığı,Egzersizi anlamak için videoyu izleyin.
Hip Crossover,Legs,Vücut Ağırlığı,Egzersizi anlamak için videoyu izleyin.
Ankle Roll,Legs,Vücut Ağırlığı,Egzersizi anlamak için videoyu izleyin.
Banded Ankle Mobility,Legs,Vücut Ağırlığı,Egzersizi anlamak için videoyu izleyin.
Hip Flexor Stretch,Legs,Vücut Ağırlığı,Egzersizi anlamak için videoyu izleyin.
Lunge with Twist Stretch,Legs,Vücut Ağırlığı,Egzersizi anlamak için videoyu izleyin.
Lying Figure Four Stretch,Legs,Vücut Ağırlığı,Egzersizi anlamak için videoyu izleyin.
Lying Hamstring Stretch with Band,Legs,Vücut Ağırlığı,Egzersizi anlamak için videoyu izleyin.
Lying Knee to Chest Stretch,Legs,Vücut Ağırlığı,Egzersizi anlamak için videoyu izleyin.
Pigeon Stretch,Legs,Vücut Ağırlığı,Egzersizi anlamak için videoyu izleyin.
Quad Stretch,Legs,Vücut Ağırlığı,Egzersizi anlamak için videoyu izleyin.
Runners Lunge Stretch,Legs,Vücut Ağırlığı,Egzersizi anlamak için videoyu izleyin.
Standing IT Band Stretch,Legs,Vücut Ağırlığı,Egzersizi anlamak için videoyu izleyin.
Supported Calf Stretch,Calves,Vücut Ağırlığı,Egzersizi anlamak için videoyu izleyin.
Banded Scapular Retraction,Back,Resistance band,Direnç bandının bir ucunu omuz hizasında duvara/dik bir direğe/... sabitleyin. Kolunuzu triseps kasınızın hizasında halkaya geçirin. Bant düzleşene kadar geriye doğru adım atın. Dirseğinizi ve omzunuzu bandın direncine karşı geriye doğru çekin.
Incline DB Y-Raise,Shoulders,Dumbbell,"1.

Eğimli bir sehpaya 45 derecelik bir açı verin ve sehpaya sırtınızı dönerek oturun, göğsünüzü
mindere yaslayın, her elinize birer dambıl alın, avuç içleriniz birbirine baksın.

2. Denge için ayaklarınızı yere sağlamca yerleştirin ve dirseklerinizde hafif bir bükülme ile kollarınızı doğal bir şekilde aşağı sarkıtın.

3. Hareket boyunca karın kaslarınızı sıkın ve sırtınızı düz tutun.

4. Hareketi kontrollü bir şekilde ve dirsekleriniz hafifçe bükülü olarak tutarak kollarınızı öne ve yana doğru Y şeklinde kaldırın.

5. Kollarınız yere yaklaşık olarak paralel ve kulaklarınızla aynı hizada olana kadar kaldırın.

6. Hareketin en üst noktasında kısa bir süre duraklayın, omuz kaslarınızı tamamen çalıştırın,
ardından kollarınızı yavaşça başlangıç ​​pozisyonuna indirin.

7. Hem yükseliş hem de iniş sırasında hareketin yavaş ve kontrollü olduğundan emin olun,
böylece deltoid ve destekleyici kasların çalışmasını en üst düzeye çıkarın.

8. İstenilen tekrar sayısına ulaşana kadar, doğru formu koruyarak tekrarlayın."
DB Wrist Extension,Arms,Dumbbell,": İki dambılı üstten kavrama ile tutun ve ön kollarınızı dizlerinizin üzerine koyun.

: Bileklerinizi tamamen bükün, sonra bileklerinizi uzatın."
High-Cable Lateral Raise,Shoulders,Vücut Ağırlığı,"Makara bel hizasına ayarlanmış bir kablo makinesinin yanında durun.

Kasadan en uzak elinizle, avuç içi içeriye bakacak şekilde, karşı taraftaki tutamağı kavrayın.

Karın kaslarınızı sıkı tutun, göğsünüzü yukarı kaldırın ve omuzlarınızı gevşetin. Kaldırma boyunca dirseğinizde hafif bir bükülme olmasına dikkat edin.

Dirseğiniz omuz hizasına gelene kadar kolunuzu yana doğru kaldırın, bileğinizi dirseğinizle aynı hizada tutun.

En üst noktada kısa bir süre bekleyin, ardından tutamağı yavaşça ve kontrollü bir şekilde yanınıza indirin. İstediğiniz tekrar sayısına ulaşana kadar tekrarlayın."
Machine Chest Press,Chest,Bench,"1. Koltuğun yüksekliğini, tutma yerleri göğsünüze paralel olacak şekilde ayarlayın.

2. Ayak pedalını öne doğru itmek için bacaklarınızı kullanın.

3. Kolları başlangıç ​​pozisyonuna getirin.

4. Sırtınızı ve minderi kollarla temas halinde tutarak dışarı doğru bastırın.

5. Kolları göğsünüzden uzaklaştırın ve nefes verin.

6. Kolların yavaşça göğsünüze ulaşmasına izin verin.

7. Nefes verirken kolların göğsünüze geri dönmesine izin verin."
Suitcase Carry,Abs,Dumbbell,"Ağırlığı dengelemek için öne eğilmeden, bir tarafta dambıl tutarak ileri ve geri yürüyün."
Barbell Full Squat,Legs,Barbell,"* Barbell tam çömelme, kuadriseps, hamstring ve gluteus kasları da dahil olmak üzere alt vücuttaki **birden fazla kas grubunu** hedefleyen **bileşik bir egzersizdir**.

* Barbell tam çömelme sırasında sonuçları en üst düzeye çıkarmak ve sakatlanmaları önlemek için doğru form çok önemlidir. Bu, omuz genişliğinde bir duruş sağlamayı, tüm vücut gerginliğini oluşturmayı, inişinizi kontrol etmeyi ve doğru derinlik ve diz pozisyonunu korumayı içerir.

* Ön çömelme, kadeh çömelme, bölünmüş çömelme ve Bulgar bölünmüş çömelme gibi yardımcı hareketler, belirli kas gruplarını hedefleyerek ve genel tekniği geliştirerek barbell tam çömelmedeki performansınızı artırmanıza yardımcı olabilir.

* Sırt çömelmesinde **yeni kişisel rekorlar** kırmak için, zamanla ağırlığı kademeli olarak artırın, kas büyümesini teşvik etmek için tekrar aralıklarını ve setleri değiştirin ve antrenman seansları arasında **dinlenme ve iyileşmeye öncelik verin**."
Behind the Back Cable Lateral Raise,Shoulders,Vücut Ağırlığı,"Yan omuz kaldırma hareketi, uzun zamandır gelişmiş omuz kaslarını geliştirmek için temel bir egzersiz olmuştur ve sporcular, bu kasları büyütmek için dambıllardan ve direnç bantlarından makinelere ve tek kollu varyasyonlara kadar her şeyi kullanırlar."
Clamshell,Abs,none (bodyweight exercise),"**Pozisyon**
Dirsek ve önkol yere değecek şekilde yan plank pozisyonunda durun ve bacaklarınızı hafifçe bükün.

**Uygulama**
Ayaklarınızı birbirine yakın tutarak, ""kabuk açma"" hareketine benzer şekilde, üstteki dizinizi kaldırın, ardından yavaşça başlangıç ​​pozisyonuna dönün. Karın kaslarınızı sabit tutun ve kalçalarınızı hizalı tutun."
Banded Clamshell,Legs,Resistance band,"**Pozisyon**
Dirsek ve önkolunuz yerde, bacaklarınız hafifçe bükülü olarak yan plank pozisyonunda durun. İki katlı direnç bandını uyluklarınızın arasına, dizinizin hemen üstüne gerin.

**Uygulama**
Ayaklarınızı birbirine yakın tutarak üstteki dizinizi kaldırın, tıpkı bir ""kabuk açma"" hareketi gibi, ardından yavaşça başlangıç ​​pozisyonuna dönün.
Karın kaslarınızı sabit tutun ve kalçalarınızı hizalı tutun."
Standing Pancake Good Morning,Legs,none (bodyweight exercise),"Ayaklarınızı omuz genişliğinden daha açık ve parmak uçlarınızı hafifçe dışa doğru çevirerek durun. Ellerinizi başınızın arkasına koyun. Kalçalarınızdan bükülerek üst vücudunuzu yere doğru indirin, sırtınızı düz ve göğsünüzü açık tutun."
Seated Pancake Good Morning,Legs,none (bodyweight exercise),"1. Bacaklarınız tamamen düz (dizleriniz kilitli) ve açık bir şekilde oturun.

2. Ellerinizi boynunuzun arkasına koyun.

3. Gövdenizi ve başınızı yere doğru eğin."
Shinbox IR Stretch,Legs,none (bodyweight exercise),"* **Başlangıç ​​Pozisyonu:** Her iki kalça ve diziniz 90 derecelik açıyla bükülmüş şekilde yere oturun.

* **Bacak Yerleşimi:**
Bir bacağınızı önünüze (dış rotasyon) ve diğer bacağınızı yana/arkanıza (iç rotasyon) doğru uzatın.

Kaval kemikleri ve dizler yere düz bir şekilde temas etmelidir.

* **Hareket:**
Kalçalarınızı düz tutarak, gövdenizi öne doğru eğin veya ön bacağınıza doğru yana doğru eğin.

Esnekliği derinleştirmek için gövdenizi yana doğru eğin.

* **Hedef Bölgeler:**
Kalça kaslarını ve piriformis kasını (ön bacak) ve kalça fleksörlerini ve kuadriseps kaslarını (arka bacak) esnetir. Yanal fleksiyon sırasında karın kaslarını ve oblik kaslarını çalıştırır.

* **Amaç:** Kalça hareketliliğini, özellikle iç ve dış rotasyonu iyileştirir ve bel gerginliğini azaltır."
YTWL Exercise,Shoulders,"Dumbbell, Incline bench","* **Amaç:** Omuz stabilitesini, duruşu ve kürek kemiği (omuz bıçağı) kontrolünü iyileştirir. Genellikle fizik tedavi ve ısınma egzersizlerinde kullanılır.

* **Başlangıç ​​Pozisyonu:**
Ayaklarınız omuz genişliğinde açık olacak şekilde ayakta durun. Kalçalarınızdan öne doğru eğilin (tıpkı deadlift gibi)
sırtınızı düz tutarak veya eğimli bir sehpaya yüzüstü uzanın.
Başparmaklarınız yukarı doğru baksın.

* **Y (Kollar yukarı):**
Her iki kolunuzu da vücudunuzdan 135 derecelik bir açıyla düz bir şekilde öne ve yukarı doğru uzatın,
bir ""Y"" şekli oluşturun. En üstte kürek kemiklerinizi birbirine yaklaştırın.

* **T (Kollar dışarı):** Kollarınızı vücudunuza dik olacak şekilde yanlara doğru düz bir şekilde açın, bir ""T"" şekli oluşturun. Kürek kemiklerinizi sıkıştırmaya odaklanın.

* **W (Kollar bükük):** Dirseklerinizi geriye doğru çekin, 90 derece bükün ve kürek kemiklerinizi sıkıştırarak bir ""W"" şekli oluşturun. Bileklerinizi sabit tutun.

* **L (Kollar döndürülmüş):**

Dirsekleriniz 90 derece bükülü ve vücudunuza yakın olacak şekilde başlayın.
Ön kollarınızı dışa doğru (dış rotasyon) bir kale direği gibi döndürün,
bir ""L"" veya kapı şekli oluşturun.

* **Önemli Nokta:**
Hareketler yavaş ve kontrollü olmalıdır. Her zaman başparmaklarınızla öne geçin
ve sadece kolları değil, kürek kemiklerini de hareket ettirmeyi düşünün."
Supine Hip Abduction,Legs,Dumbbell,"* **Başlangıç ​​Pozisyonu:**

Bir matın üzerine sırt üstü (supine) uzanın, bacaklarınız uzatılmış ve
rahat olsun. Kollarınızı denge için vücudunuzun yanına veya yanlara doğru yerleştirebilirsiniz.


* **Hareket:**

Bir bacağınızı yerden hafifçe kaldırın (düz tutarak veya hafifçe bükerek). Küçük bir engelin üzerinden geçiyormuş gibi, diğer bacağınızdan yana doğru, dışa doğru hareket ettirin.


* **Hareket Aralığı:**
Pelvisinizi kaldırmadan veya gövdenizi döndürmeden, iç uyluk ve kalçada gerilme hissederek bacağınızı rahat ettiğiniz kadar hareket ettirin.

* **Dönüş:** Bacağınızı kontrollü bir hareketle yavaşça başlangıç ​​pozisyonuna geri getirin.

* **Amaç:** Yan kalça hareketliliğini (abduksiyon) iyileştirir ve pelvik stabilizatör kaslarını güçlendirir."
Neck CARs,Shoulders,Vücut Ağırlığı,Açıklama Bulunamadı!
Neck CARs,Shoulders,Vücut Ağırlığı,Açıklama Bulunamadı!
Floor Bench Press,Chest,Dumbbell,"Başlangıç: Dizleriniz bükülü olarak sırt üstü yere uzanın. Kollarınız düz bir şekilde, ağırlıkları göğsünüzün üzerinde tutun.

İndirme: Üst kollarınız yere değene kadar ağırlıkları indirin.

İtme: Ağırlıkları tekrar başlangıç ​​pozisyonuna doğru itin.

Yeni not: Dirseklerinizi yere çarpmayın. Hareketi kontrol edin."
dumbbell snatch,Legs,Dumbbell,"Doğru Uygulama İçin Önemli Adımlar:

Hazırlık: Dambılı ayaklarınızın arasına, omuzlarınız kalçalarınızın üzerinde, göğsünüz yukarıda ve sırtınız düz olacak şekilde yerleştirin.

Çekme: Dambılı yukarı doğru itmek için kalçalarınızı, dizlerinizi ve ayak bileklerinizi patlayıcı bir şekilde uzatın (üçlü uzatma), dirseğinizi yüksekte ve dambılı vücudunuza yakın tutun.

Yakalama: Kalçalarınızı ve dizlerinizi hızla bükerek dambılın altına girin ve kolunuz sabit pozisyondayken başınızın üzerinde yakalayın, yarım çömelme pozisyonunda yere inin.

Yaygın Hatalar: Ağırlığı kaldırmak için bacaklarınızı değil, kollarınızı çok fazla kullanmak, çekme aşamasında dirseğinizi aşağıda tutmak ve son pozisyonda omuz, dirsek ve bileğinizi yanlış hizalamak. Yeni başlayanlar için hafif ağırlıklarla başlamaları, tekniğe odaklanmaları ve her kol için 3 ila 5 tekrar olmak üzere 3 ila 5 set yapmaları önerilir."
1 Leg Box Squat,Legs,none (bodyweight exercise),"Bu egzersiz için sağlam bir kutu veya sandalyeye ihtiyacınız var. Basitçe, kutunun veya sandalyenin yaklaşık 15 cm önünde durun ve tek bacağınız üzerinde dengenizi sağlayın. Buradan, diğer bacağınızı denge için önünüzde düz tutarak, kontrollü ve yumuşak bir hareketle çömelmeye başlayın. Yavaşça kutunun üzerine oturun, 1 saniye bekleyin ve çalışan bacağınızla tekrar yukarı doğru itin, diğer bacağınızın yere değmesine asla izin vermeyin."
Overhead Barbell Press,Shoulders,Barbell,"- **Hazırlık:** Ayaklarınızı birleştirerek durun ve barı omuzlarınızdan biraz daha geniş bir şekilde kavrayın.

- **Pozisyon:** Barı üst göğsünüze yerleştirin.

- **İtme:** Karın kaslarınızı sıkın ve kollarınız tamamen kilitlenene kadar barı düz yukarı doğru itin.

- **Bitirme:** Barı kontrollü bir şekilde göğsünüze indirin.

- https://youtu.be/ZXpdJOLNoWw?si=u27cGyODoblXHBu1"
Limber 11,Legs,Vücut Ağırlığı,Açıklama Bulunamadı!
Foam Roll IT Band,Legs,Vücut Ağırlığı,Açıklama Bulunamadı!
Bent-knee Iron Cross,Legs,Vücut Ağırlığı,Açıklama Bulunamadı!
Close-Grip Bench Press,Chest,Barbell,"- **Hazırlık:** Sehpaya düz bir şekilde uzanın ve barı omuz genişliğinde (standart bench press'ten daha yakın) kavrayın.

- **İniş:** Barı kontrollü bir şekilde göğsünüzün alt kısmına indirin.

- **Form:** Dirseklerinizi gövdenize sıkıca yapışık tutun, dışarı doğru açılmalarına izin vermeyin.

- **Yükseliş:** Barı düz bir şekilde yukarı doğru itin, en üst noktada triseps kaslarınızı sıkın."
Fire Hydrant Circles,Legs,Vücut Ağırlığı,Açıklama Bulunamadı!
Seated Piriformis Stretch,Legs,Vücut Ağırlığı,Açıklama Bulunamadı!
Tricep Rope Pushdowns,Arms,Vücut Ağırlığı,"- **Hazırlık:** Kabloya doğru dönerek, ayaklarınız omuz genişliğinde açık ve hafifçe öne eğilmiş şekilde durun.

- **Tutuş:** Avuç içleriniz birbirine bakacak şekilde ve dirsekleriniz göğüs kafesinize yakın olacak şekilde ipi tutun.

- **Uygulama:** Kollarınız tamamen düz olana kadar ipi aşağı doğru itin, alt kısımda uçlarını birbirinden ayırın.

- **Kontrol:** Üst kollarınızı sabit tutun ve yavaş, kontrollü bir hareketle başlangıç ​​pozisyonuna dönün."
Clean and Press,Shoulders,Barbell,"* **İlk Çekiş:** Sırtınızın açısını sabit tutarak, bacaklarınızı kullanarak barı yerden diz hizasına kadar kaldırın.

* **""Güç"" Pozisyonu:** Bar orta uyluğa ulaştığında, dikey ivme oluşturmak için omuzlarınızı hızla yukarı kaldırın ve kalçalarınızı uzatın.

* **Hızlı Dirsek Dönüşü:** Yakalama aşamasında, ön omuz kaslarınızda bir ""raf"" oluşturmak için dirseklerinizi hızla barın altına döndürün.

* **Dikey Pres:** Barı düz bir çizgide yukarı doğru itin; bar alnınızı geçtikten sonra tam kilitlenmeye ulaşmak için başınız hafifçe öne doğru kaymalıdır."
Weighted push-ups,Chest,none (bodyweight exercise),"- **Hazırlık:** Sırtınızın üst kısmına güvenli bir şekilde yerleştirilmiş bir ağırlık plakasıyla standart bir plank pozisyonunda başlayın.

- **Duruş:** Sırtınızın sarkmasını önlemek için karın kaslarınızı çalıştırarak başınızdan topuklarınıza kadar düz bir çizgi oluşturun.

- **Uygulama:** Dirseklerinizi **kırk beş derece** açıda tutarak, göğsünüz yere neredeyse değene kadar vücudunuzu indirin.

- **Yükseliş:** Avuç içlerinizden destek alarak başlangıç ​​pozisyonuna geri dönün ve kollarınızı tamamen uzatın."
Walking Lunges,Legs,Resistance band,"- **Başlangıç ​​Pozisyonu:** Ayaklarınız kalça genişliğinde açık ve elleriniz kalçalarınızda veya yanlarınızda dambıl tutarak durun.

- **Adım Atma:** Sağ bacağınızla geniş bir adım öne atın.

- **İniş:** Her iki diziniz yaklaşık **90 derecelik açıyla** bükülene kadar kalçalarınızı aşağı indirin.

- **Geçiş:** Ön topuğunuzdan güç alarak ayağa kalkın, arka ayağınızı öne doğru getirerek doğrudan bir sonraki hamleye geçin."
Pec Deck,Chest,Vücut Ağırlığı,"Göğüs kası izolasyon egzersizi - tam hareket aralığı, tam kasılma ve yavaş geri çekme ile en iyi sonucu verir."
Pullback,Back,Vücut Ağırlığı,"Kafesteki kablolar için ağırlığı ve tutuşu ayarlayın. Birkaç adım uzaklaşın, öne eğilin, çekin ve aynı anda sırtınızı uzatın."
Hip Bridge,Legs,none (bodyweight exercise),"Köprü pozisyonuna geçin, topuklarınız üzerinde dengenizi sağlayın ve bacaklarınızı tek yana doğru uzatmaya başlayın.

Kalçalarınızı olabildiğince düz tutun."
Unilateral Lunges,Legs,none (bodyweight exercise),"Hareket sırasında duraksama yok, eller belde."
Butterfly Superman,Back,none (bodyweight exercise),"Yüzüstü yatın, parmaklarınızı başınızın arkasında birleştirin ve başınızı kaldırmaya başlayın, dirseklerinizi de olabildiğince yukarı kaldırın."
Leg Wheel,Abs,none (bodyweight exercise),"Sırt üstü uzanın ve dizlerinizi birbirine bitişik tutarak bacaklarınızı dik bir şekilde kaldırın.

Karın kaslarınıza odaklanarak ve sırtınızın yere temasını koruyarak, her iki dizinizle de çok küçük hareket aralığıyla tek yönde küçük daireler çizmeye başlayın."
Kneeling Superman,Back,none (bodyweight exercise),"- Bacak tamamen uzayana kadar bir ayağınızı geriye doğru itin, ayağınızın yüksekte ve geriye doğru itilmiş olmasına odaklanın, sanki çekiliyormuş gibi.

- Omuzunuzun yüksekte olmasına odaklanarak kolunuzu öne doğru uzatın.

Tek taraflı ve statik tutuş."
Cat Plank,Legs,none (bodyweight exercise),"Dört ayak üzerine çökün ve dizlerinizi yerden çok az kaldırın.

Sırtınızı dışarı doğru kıvırın ve omuzlarınızdan geriye doğru iterek kendinizi büyük göstermeye çalışan bir kedi gibi pozisyon alın."
Core Rotation,Abs,none (bodyweight exercise),"Arkanıza yaslanın, dizlerinizi bükerek ayaklarınızı yerden kaldırın ve elleriniz her harekette yere değecek şekilde sola ve sağa dönmeye başlayın."
Unilateral Hip Thrust,Legs,none (bodyweight exercise),Yere uzanmış haldeyken bir bacağınızı uzatın ve topuğunuz yere değecek şekilde vücudunuzu kaldırmaya başlayın.
Isometria alle parallele,Shoulders,Vücut Ağırlığı,"Paralel barlarda izometrik tutuş, paralel barlar (dips barlar) üzerinde yapılan statik bir üst vücut egzersizidir. Geleneksel dip egzersizindeki gibi yukarı ve aşağı hareket etmek yerine, gerilim altında sabit bir pozisyonda tutulursunuz."
Quadruped Hip Abduction,Calves,"Resistance band, none (bodyweight exercise)","Vücut ağırlığınızı dizleriniz ve kollarınız üzerinde eşit olarak dağıtın.

Gövdeyi sabit tutun, karın kaslarınızı çalıştırın ve bel omurganızı
sırtınızı bükmeden düz tutun (düşünün: belinizin alt kısmına bir bardak koysanız bile
düşmez). Bir bacağınızı bükmeden dışarı doğru kaldırın.

Kalça ve dizlerdeki doğru açıya dikkat edin. Her zaman vücudun her iki tarafını da çalıştırın.

Direnci artırmak için direnç bandı kullanabilirsiniz."
Tuck planche,Shoulders,none (bodyweight exercise),Tam planche pozisyonu için temel jimnastik hareketleri dizisi
Bent Over Rowing Dumbbell,Back,Dumbbell,"Avuç içleriniz aşağıya bakacak şekilde (pronasyonlu kavrama) dambılları tutun, dizlerinizi hafifçe bükün ve sırtınızı düz tutarak belinizden eğilerek gövdenizi öne doğru getirin, neredeyse yere paralel olana kadar. İpucu: Başınızı yukarıda tutmaya dikkat edin. Kollarınız yere ve gövdenize dik olacak şekilde dambıllar tam önünüzde asılı durmalıdır. Bu başlangıç ​​pozisyonunuzdur.

Şimdi, gövdenizi sabit tutarak nefes verin ve dambılları kendinize doğru kaldırın. Dirseklerinizi vücudunuza yakın tutun ve ağırlığı tutmak için sadece ön kollarınızı kullanın. En üst kasılma pozisyonunda, sırt kaslarınızı sıkın ve kısa bir süre bekleyin.

Ardından nefes alın ve dambılları yavaşça başlangıç ​​pozisyonuna indirin.
Önerilen tekrar sayısı kadar tekrarlayın."
Legend Chest Press,Chest,Vücut Ağırlığı,Legend Fitness LeverEdge serisinden plaka yüklü göğüs presi makinesi.
Extreme Pec Stretch,Chest,Vücut Ağırlığı,"Göğüs kasları için derinlemesine germe egzersizi, genellikle göğüs egzersizlerinin sonunda yapılır."
Extreme Shoulder Stretch,Shoulders,Vücut Ağırlığı,"Omuz kasları için derinlemesine germe egzersizi, itme hareketlerinden sonra yapılır."
Extreme Lat Stretch,Back,Vücut Ağırlığı,"Çekme hareketlerinden sonra uygulanan, sırt kası için derinlemesine germe egzersizi."
Seated Cable chest fly,Chest,Vücut Ağırlığı,"1. İki kablo makarası arasına bir oturma bankı yerleştirin ve oturduğunuzda makaraları göğüs/omuz hizasında olacak şekilde ayarlayın.

2. Kolları nötr bir tutuşla kavrayın ve dik sırt desteğine yaslanın.

3. Kollarınızı kontrollü bir hareketle göğsünüzün önünde bir araya getirin, göğüs kaslarınızı sıkmaya odaklanın. Hareket boyunca dirseklerinizi hafifçe bükülü tutun.

4. En üst pozisyonda kısa bir süre bekleyin.

5. Hareketi kontrol altında tutarak kollarınızı yavaşça başlangıç ​​pozisyonuna indirin.

6. Tekrarlar için tekrarlayın."
3008 Abdominal Crunch,Abs,Vücut Ağırlığı,Bu özellikle Gym80 3008 Karın Kaslarını Çalıştırma Aleti içindir.
Barbell Silverback Shrug,Shoulders,Barbell,"1. Ayaklarınızı omuz genişliğinde açarak durun ve halter çubuğunu her iki elinizle omuz genişliğinden biraz daha önde tutun.

2. Sırtınızı düz tutarak, dizlerinizde hafif bir bükülme ile kalçalarınızdan öne doğru eğilin.

3. Kürek kemiklerinizi birbirine değdirmeye çalışıyormuş gibi sıkın.

4. Omuz silkme hareketini bırakın.

(Açıklama MuscleWiki'den alınmıştır)"
Inverted Lat Pull Down,Back,Pull-up bar,"**Ters Tutuşlu Lat Çekme** (en yaygın olarak **Ters Tutuşlu Lat Çekme** olarak bilinir), standart egzersizin, eller omuz genişliğinde açık ve avuç içi yukarı bakacak şekilde (supinasyon) tutuş kullanılan bir varyasyonudur. Bu pozisyon, **alt lat kaslarına** daha fazla ağırlık verir ve **biceps** kaslarının katılımını artırarak, genellikle daha geniş bir hareket aralığına ve hareketin en alt noktasında daha derin bir sıkmaya olanak tanır."
Seated V-Grip Row,Back,Resistance band,"**Oturarak V-Tutuşlu Kürek Çekme**, kablo makinesinde dar tutuşlu ""V"" şeklinde bir tutacak kullanılarak yapılan bileşik bir çekme egzersizidir. Ayaklarınız yere sabitlenmiş şekilde otururken, tutacağı gövdenize doğru çekersiniz; bu hareket **sırt kalınlığına** ve orta sırt gelişimine odaklanır."
Assisted Pull-Up,Back,Resistance band,"**Yardımlı Barfiks**, karşı ağırlık platformu bulunan bir makinede veya direnç bantları kullanılarak yapılan bileşik bir dikey çekme egzersizidir. Standart barfiksin mekaniğini taklit eder ancak kaldırmanız gereken toplam ağırlığı azaltır; bu da onu fonksiyonel güç geliştirmek ve tekniğinizi mükemmelleştirmek için mükemmel bir araç haline getirir."
Dumbbell Curl,Arms,Dumbbell,"**Dumbbell Curl**, kollar için klasik bir izole egzersizdir. Hammer Curl'ün aksine, ağırlıkları kaldırırken bileklerinizi döndürmeyi (supinasyon) içerir, bu da pazı kaslarının tam olarak kasılmasını sağlar."
Hammer Curl,Arms,Dumbbell,"**Çekiç Kıvırma**,
genellikle dambıllarla yapılan, kollar için popüler bir izole egzersizdir.
Standart bir pazı kıvırma hareketinde olduğu gibi bileklerinizi döndürmek yerine,
hareketin tamamı boyunca nötr bir tutuş (avuç içleri birbirine bakacak şekilde) korursunuz,
sanki bir çekiç tutuyormuş gibi."
Abdominal Crunch,Abs,Gym mat,"**Karın Kaslarını Çalıştırma** hareketi, yerde veya bir mat üzerinde yapılan klasik bir karın kası izole egzersizidir. Tam bir mekik çekme hareketinden farklı olarak, daha küçük bir hareket aralığı içerir; sadece omuzlarınızı ve üst sırtınızı yerden kaldırır, alt sırtınızı ise yere sıkıca bastırırsınız."
Belt Squat,Legs,Vücut Ağırlığı,"Kemerli Squat: Ağırlığın omurga yerine kalçalarda desteklenmesi için bir yükleme makinesine veya platforma bağlı bir kemerle yapılan bir squat varyasyonudur. Ağırlıklı olarak uyluk ve kalça kaslarını çalıştırır ve halter squatına göre bel yorgunluğunu çok daha az artırır. Tam hareket aralığını kullanın, gövdeyi dik tutun ve ayak orta kısmından güç alarak itme hareketi yapın."
Arnold Shoulder Press,Shoulders,Dumbbell,"Çok yaygın bir omuz egzersizi.

Burada gösterildiği gibi: https://www.youtube.com/watch?v=vj2w851ZHRM"
Barbell Hack Squats,Legs,Barbell,Bacaklarınızın arkasına halter yerleştirerek bacak çömelme hareketini yapın.
Dumbbell Push-Up,Chest,Dumbbell,"Dambıllarla yapılan normal şınav, hareket aralığını genişletir."
Barbell Lunges Standing,Legs,Barbell,"Barbell'i omuzlarınızın arkasına yerleştirin. Dik durun, ardından ilk adımı öne atın. Adımınız, destekleyici bacağınızın dizi yere değecek şekilde ilerlemenizi sağlamalıdır. Ardından tekrar ayağa kalkın ve diğer bacağınızla tekrarlayın.

Duruşunuzu düzgün tutmayı unutmayın."
Barbell Lunges Walking,Legs,Barbell,Açıklama Bulunamadı!
Barbell Triceps Extension,Arms,Barbell,"Barbell'i dar bir üstten kavrama ile başınızın üzerine yerleştirin.

Dirsekleriniz başınızın üzerinde kalacak şekilde ön kolunuzu üst kolunuzun arkasına indirin. Ön kolunuzu tekrar başınızın üzerine uzatın. İndirin ve tekrarlayın."
Barbell Reverse Wrist Curl,Arms,"Barbell, Bench","Bir banka oturun, avuç içleriniz aşağıya bakacak şekilde ve elleriniz omuz genişliğinde açık olacak şekilde bir halter tutun. Ön kollarınızı uyluklarınızın üzerine koyun ve bileklerinizin dizlerinizin üzerinden sarkmasına izin verin.

Parmak eklemlerinizi yüzünüze doğru kıvırarak halteri kaldırın. En üst pozisyonda bir an bekleyin, ardından halteri yavaşça başlangıç ​​pozisyonuna geri indirin."
Lunges,Legs,none (bodyweight exercise),"Başlangıç ​​pozisyonu:

Sırtınız dik olacak şekilde ayakta durun.

Adımlar:

1. Sol bacağınızla büyük bir adım öne atın.

2. Sağ diziniz yere neredeyse değene kadar pelvisinizi aşağı indirin.

3. Pelvisinizi tekrar yukarı kaldırın.

4. Geriye doğru bir adım atarak başlangıç ​​pozisyonuna dönün.

5. Her seferinde bacak değiştirerek tekrarlayın."
Side split squats left,Legs,none (bodyweight exercise),"Başlangıç ​​pozisyonu:

1. Dik durun ve omuz genişliğinden biraz daha geniş bir yan adım atın.

Adımlar:

1. Uyluğunuz yere paralel olana kadar bir dizinizi bükün. Bükülmüş diz, ayağınızla aynı hizada olmalıdır.

2. Başlangıç ​​pozisyonuna geri dönün.

3. Tekrarlayın."
Side split squats right,Legs,none (bodyweight exercise),"Başlangıç ​​pozisyonu:

1. Dik durun ve omuz genişliğinden biraz daha geniş bir yan adım atın.

Adımlar:

1. Uyluğunuz yere paralel olana kadar bir dizinizi bükün. Bükülmüş diz, ayağınızla aynı hizada olmalıdır.

2. Başlangıç ​​pozisyonuna geri dönün.

3. Tekrarlayın."
Bulgarian split squats left,Legs,none (bodyweight exercise),"1. Bir sandalyenin önünde dik durun ve büyük bir adım atın. Bir ayağınızın üst kısmını sandalyeye koyun.

2. Ön dizinizi bükün, kollarınızla dengenizi sağlayarak arka diziniz neredeyse yere değene kadar.

3. Başlangıç ​​pozisyonuna geri dönün ve tekrarlayın."
Bulgarian split squats right,Legs,none (bodyweight exercise),"1. Bir sandalyenin önünde dik durun ve büyük bir adım atın. Bir ayağınızın üst kısmını sandalyeye koyun.

2. Ön dizinizi bükün, kollarınızla dengenizi sağlayarak arka diziniz neredeyse yere değene kadar.

3. Başlangıç ​​pozisyonuna geri dönün ve tekrarlayın."
Split squats left,Legs,none (bodyweight exercise),"Başlangıç ​​pozisyonu:

Sırtınız dik olacak şekilde ayakta durun. Sol bacağınızla büyük bir adım öne atın.

Adımlar:

1. Sağ diziniz yere neredeyse değene kadar pelvisinizi aşağı indirin.

2. Pelvisinizi tekrar yukarı kaldırın.

3. Tekrarlayın."
Split squats right,Legs,none (bodyweight exercise),"Başlangıç ​​pozisyonu:

Sırtınız dik olacak şekilde ayakta durun. Sol bacağınızla büyük bir adım öne atın.

Adımlar:

1. Sağ diziniz yere neredeyse değene kadar pelvisinizi aşağı indirin.

2. Pelvisinizi tekrar yukarı kaldırın.

3. Tekrarlayın."
Forward arm circles,Arms,none (bodyweight exercise),"Başlangıç ​​pozisyonu:

Sırtınız dik olacak şekilde ayakta durun.

Adımlar:

1. Kollarınızı düz tutarak, önünüze getirin, aşağı doğru hareket ettirin, sırtınızın arkasına, sonra başınızın üzerinden geçirin ve başlangıç ​​pozisyonuna geri getirin.

2. 1. adımda anlatıldığı gibi kollarınızı dairesel hareketlerle döndürmeye devam edin."
Backward arm circles,Arms,none (bodyweight exercise),"Başlangıç ​​pozisyonu:

Sırtınız dik olacak şekilde ayakta durun.

Adımlar:

1. Kollarınızı düz tutarak önünüze getirin, başınızın üzerinden kaldırın, ardından hareketi sırtınızın arkasından aşağıya, başlangıç ​​pozisyonuna doğru devam ettirin.

2. 1. adımda anlatıldığı gibi kollarınızı dairesel hareketlerle döndürmeye devam edin."
Reverse lunges,Legs,none (bodyweight exercise),"Başlangıç ​​pozisyonu:

Dik durun, ayaklarınızı kalça genişliğinde açın.

Adımlar:

1. Bir bacağınızı geriye doğru atın, böylece rahatça 90 derecelik bir açı oluşturacak şekilde bükülebilsin.

2. Her iki dizinizi de yavaşça bükerek 90 derecelik açılar oluşturun.

3. Başlangıç ​​pozisyonuna geri dönün.

4. Bacakları değiştirerek tekrarlayın."
High plank,Chest,none (bodyweight exercise),"Başlangıç ​​pozisyonu:

Yüksek plank pozisyonuna geçin: elleriniz ve ayak parmaklarınız yere değmeli, sırtınız, kollarınız ve bacaklarınız düz olmalıdır. Bu pozisyona geçmek için yüzüstü yatabilir, ellerinizi başınızın yanına, yüzüstü koyabilir ve kollarınızı düz olana kadar yukarı kaldırabilirsiniz.

Adımlar:

1. Egzersizin tamamı boyunca başlangıç ​​pozisyonunu koruyun."
Biceps Curls With Dumbbell,Arms,Dumbbell,"İki halter tutun, kollarınız açık, elleriniz yanlarınızda, avuç içleriniz içeriye bakacak şekilde olsun. Kollarınızı bükün ve ağırlığı hızlı bir hareketle yukarı kaldırın. Aynı anda, hareketin en başında kollarınızı 90 derece döndürün. En yüksek noktada, ağırlıkları biraz daha dışarı doğru döndürün. Duraksamadan, yavaşça aşağı indirin.

Egzersiz sırasında vücudunuzun sallanmasına izin vermeyin, tüm iş pazı kasları tarafından yapılır, hareket etmesi gereken tek kaslar bunlardır (dirseklere dikkat edin)."
Bent Over Rowing,Back,Barbell,"1. Barbell'i avuç içleriniz aşağıya bakacak şekilde (pronasyonlu kavrama) tutun, dizlerinizi hafifçe bükün ve sırtınızı düz tutarak belinizden eğilerek gövdenizi öne doğru getirin, neredeyse yere paralel olana kadar. İpucu: Başınızı yukarıda tutmaya dikkat edin. Barbell, kollarınız yere ve gövdenize dik olacak şekilde tam önünüzde asılı durmalıdır. Bu sizin başlangıç ​​pozisyonunuzdur.
2. Şimdi, gövdenizi sabit tutarak nefes verin ve barbell'i kendinize doğru kaldırın. Dirseklerinizi vücudunuza yakın tutun ve ağırlığı tutmak için sadece ön kollarınızı kullanın. En üst kasılma pozisyonunda, sırt kaslarınızı sıkın ve kısa bir süre bekleyin.
3. Ardından nefes alın ve barbell'i yavaşça başlangıç ​​pozisyonuna indirin.

4. Önerilen tekrar sayısı kadar tekrarlayın."
Bent Over Dumbbell Rows,Back,"Bench, Dumbbell","Elinizde dambıllarla, elleriniz dizlerinizin hemen altına inene kadar kalçanızdan eğilin (düz bacaklı deadlift başlangıç ​​pozisyonuna benzer). Üst vücut açınızı sabit tutarken, dirseklerinizi geriye doğru çekmek ve kürek kemiklerinizi en üst noktada sıkıştırmak için sırt kaslarınızı kasın. Her tekrarda ayağa kalkmamaya çalışın, her tekrarda ellerinizin dizlerinizin altına indiğini kontrol edin."
Biceps Curls With SZ-bar,Arms,SZ-Bar,"SZ barı omuz genişliğinde tutun, sırtınız düz, omuzlarınız hafifçe geride, kollarınız gergin olsun. Kollarınızı bükerek, ağırlığı hızlı bir hareketle yukarı kaldırın. Duraksamadan, barı yavaş ve kontrollü bir hareketle indirin.

Egzersiz sırasında vücudunuzun sallanmasına izin vermeyin, tüm iş pazı kasları tarafından yapılır, hareket etmesi gereken tek kaslar bunlardır (dirseklere dikkat edin)."
Bent-over Lateral Raises,Shoulders,"Bench, Dumbbell","Ağırlıkları tutarak bir sehpaya oturun. Dirsekleriniz hafifçe bükülü halde, olabildiğince öne eğilin. Dirseklerinizdeki bükülmeyi koruyarak yana doğru kaldırma hareketi yapın."
Benchpress Dumbbells,Chest,"Bench, Dumbbell","Hareket, halterle yapılan bench press'e çok benzer, ancak ağırlık göğse daha alçak bir noktadan indirilir.

İki dambıl alın ve bir sehpaya uzanın. Ağırlıkları göğsünüzün yanına, meme uçlarınızın hizasında tutun ve kollarınız gerilene kadar yukarı doğru itin. Ağırlığı yavaş ve kontrollü bir şekilde indirin."
Biceps Curls With Barbell,Arms,Barbell,"Barbell'i omuz genişliğinde tutun, sırtınız düz, omuzlarınız hafifçe geride, kollarınız gergin olsun. Kollarınızı bükerek, ağırlığı hızlı bir hareketle yukarı kaldırın. Duraksamadan, barı yavaş ve kontrollü bir hareketle aşağı indirin.

Egzersiz sırasında vücudunuzun sallanmasına izin vermeyin, tüm iş pazı kasları tarafından yapılır, hareket etmesi gereken tek kaslar bunlardır (dirseklere dikkat edin)."
Decline Bench Leg Raise,Abs,Incline bench,"- **Hazırlık**: Başınız yukarıda olacak şekilde eğimli bir sehpaya uzanın ve tutacakları kavrayın.

- **Başlangıç**: Karın kaslarınızı çalıştırmak için bacaklarınızı hafifçe yukarıda tutarak tamamen uzatın.

- **Kaldırma**: Bacaklarınızı momentum kullanmadan, karın kaslarınızı kullanarak tavana doğru kaldırın.

- **Sıkıştırma**: En üst noktada durun ve alt karın kaslarınızı kasın.

- **Dönüş**: Bacaklarınızı kontrollü bir şekilde yavaşça başlangıç ​​pozisyonuna indirin."
Cable Rear-Delt Fly (single arm),Shoulders,Vücut Ağırlığı,"**Kabloyla arka omuz kası açma (tek kol):**
Kablo makinesinin yanına, kolu omuz hizasında ayarlanmış şekilde yan durun. Dirseğinizde hafif bir bükülme ile, kolu geniş bir yay şeklinde öne ve geriye doğru çekin, böylece üst kolunuz vücudunuzdan uzaklaşsın. Gövdenizi sabit tutun ve arka omuz kasınızın çalışmasına odaklanın. **Hafif ila orta ağırlık** kullanın ve kontrollü tekrarlar yapın."
Wide-grip Pulldown,Back,Vücut Ağırlığı,Barı geniş bir tutuşla kavrayarak yapılan lat pulldown hareketi.
Bench Press,Chest,"Barbell, Bench","Bir banka uzanın, bar tam gözlerinizin üzerinde olmalı, dizleriniz biraz açılı ve ayaklarınız yere sağlam basmalı. Konsantre olun, derin nefes alın ve barı omuz genişliğinden daha fazla kavrayın. Barı yavaşça, göğüs uçlarınızın hizasında göğsünüze kısa bir süre değene kadar indirin. Barı yukarı itin.

Eğer yüksek ağırlıkla çalışıyorsanız, ağırlığı kendi başınıza kaldıramazsanız size yardımcı olabilecek bir *gözlemci* bulundurmanız tavsiye edilir.

Tutuş genişliğiyle, göğsün hangi bölümünün daha fazla çalıştığını da kontrol edebilirsiniz:

* Geniş tutuş: dış göğüs kasları
* Dar tutuş: iç göğüs kasları ve triseps"
Bench Press Narrow Grip,Arms,"Barbell, Bench","Bir sehpaya uzanın, bar tam gözlerinizin üzerinde olsun, dizleriniz hafif bir açı oluştursun ve ayaklarınız yere sağlam bassın. Barı dar bir kavrama ile (yaklaşık 20 cm) tutun. Ağırlığı yavaşça kollarınız yere paralel olana kadar (dirsekler dik açı) indirin, ardından barı yukarı doğru itin. Barı indirirken, normal bench press'te olduğu gibi göğüs uçlarınıza değil, biraz daha aşağıya indirin."
Biceps Curl With Cable,Arms,Vücut Ağırlığı,"Kabloya yaklaşık 30-40 cm uzaklıkta durun, ayaklarınız yere sağlam bassın. Barı alın ve ağırlığı hızlı hareketlerle kaldırın. Ağırlığı, dambıl kaldırma hareketinde olduğu gibi yavaş ve kontrollü bir şekilde indirin."
One Arm Triceps Extensions on Cable,Arms,Vücut Ağırlığı,Açıklama Bulunamadı!
Single Leg Extension,Legs,Vücut Ağırlığı,Açıklama Bulunamadı!
Forward shoulder rotation,Back,none (bodyweight exercise),"Başlangıç ​​pozisyonu:

Sırtınız dik olacak şekilde oturun veya ayakta durun.

Adımlar:

1. Ellerinizi omuzlarınızın üzerine koyun.

2. Her iki omuz ekleminizi de orta tempoda dairesel hareketlerle tekrar tekrar döndürün."
Backward shoulder rotation,Back,none (bodyweight exercise),"Başlangıç ​​pozisyonu:

Sırtınız dik olacak şekilde oturun veya ayakta durun.

Adımlar:

1. Ellerinizi omuzlarınızın üzerine koyun.

2. Her iki omuz ekleminizi de orta tempoda dairesel hareketlerle tekrar tekrar döndürün."
Left neck stretch,Shoulders,none (bodyweight exercise),"Başlangıç ​​pozisyonu:

Sırtınız dik olacak şekilde oturun veya ayakta durun.

Adımlar:

1. Başınızı yana doğru eğin.

2. Başınıza daha yakın olan elinizi alın ve başınızın diğer tarafından kavrayın.

3. Elinizle başınıza, başınızla da elinize bastırarak kuvvetlerin dengelenmesini ve başınızın sabit kalmasını sağlayın.

4. Egzersizin sonuna kadar bu gerginliği koruyun."
Right neck stretch,Shoulders,none (bodyweight exercise),"Başlangıç ​​pozisyonu:

Sırtınız dik olacak şekilde oturun veya ayakta durun.

Adımlar:

1. Başınızı yana doğru eğin.

2. Başınıza daha yakın olan elinizi alın ve başınızın diğer tarafından kavrayın.

3. Elinizle başınıza, başınızla da elinize bastırarak kuvvetlerin dengelenmesini ve başınızın sabit kalmasını sağlayın.

4. Egzersizin sonuna kadar bu gerginliği koruyun."
Cable Rear Delt Fly,Shoulders,Vücut Ağırlığı,"Ters kabloyla omuz açma hareketi, diğer adıyla kabloyla arka omuz açma hareketi, omuz kaslarını güçlendiren ve belirginleştiren bir egzersizdir. Sırt ve arka omuz kaslarınız için en iyi izole egzersizlerden biridir. Bu egzersiz, üst vücut kaslarının birçoğunu kullanırken arka (arka) omuz kaslarınızı hedef alır.

1. Ağırlığı ve makaraları doğru yüksekliğe ayarlayın. Makaraları görebilmelisiniz çünkü başınızın üzerinde olmalıdırlar.

2. Sağ elinizle sol makarayı, sol elinizle de sağ makarayı kavrayın ve önünüzde çaprazlayın. Yolculuğunuza buradan başlayacaksınız.

3. Kollarınızı düz tutarak ileri geri hareket ettirerek harekete başlayın.

4. Hareketin sonunda kısa bir süre duraklayın ve ardından kolları başlangıç ​​pozisyonlarına geri getirin."
Seated Hip Adduction,Legs,Vücut Ağırlığı,Başlangıç ​​Pozisyonu: Dizleriniz içe doğru ve pedlere yaslanmış şekilde makineye oturun. Pedleri serbest bırakmak için pimi çekin. Yanlardaki tutamaçları kavrayın.
Abdominal Stabilization,Abs,Gym mat,Açıklama Bulunamadı!
Left levator scapulae stretch,Back,none (bodyweight exercise),"Başlangıç ​​pozisyonu:

Ayakta veya oturarak başlayın. Başınızı sola, yaklaşık 45 derece veya göğüs ucunuzun hemen üstüne çevirin. Sağ elinizi sırtınızın arkasına koyun veya üzerine oturun. Sol elinizi kullanarak başınızın arkasını tutun. Başınızı hafifçe aşağı doğru eğin.

Adımlar:

1. Başlangıç ​​pozisyonunu aldıktan sonra, başınızı sol elinize hafifçe bastırın. Başınız hareket etmesin diye, eliniz de aynı kuvvetle bastırmalıdır. Bu pozisyonda kalın."
Right levator scapulae stretch,Back,none (bodyweight exercise),"Başlangıç ​​pozisyonu:

Ayakta veya oturarak başlayın. Başınızı sağa, yaklaşık 45 derece veya göğüs ucunuzun hemen üstüne çevirin. Sol elinizi sırtınızın arkasına koyun veya üzerine oturun. Sağ elinizi kullanarak başınızın arkasını tutun. Başınızı hafifçe aşağı doğru eğin.

Adımlar:

1. Başlangıç ​​pozisyonunu aldıktan sonra, başınızı sağ elinize hafifçe bastırın. Başınız hareket etmesin diye, eliniz de aynı kuvvetle bastırmalıdır. Bu pozisyonda kalın."
Clockwise neck circles,Back,none (bodyweight exercise),"Başlangıç ​​pozisyonu:

Oturarak veya ayakta başlayın. Başınızı aşağı indirin, çenenizi göğsünüze doğru yaklaştırın, ancak bastırmayın.

Adımlar:

Daha yavaş ve akıcı bir hareketle, başınız rahat ve hiçbir yöne doğru bastırmadan:

1. Sağ omzunuza doğru eğilin.

2. Ardından başınızı geriye, yukarı bakacak şekilde getirin.

3. Ardından sol omzunuza doğru eğilin. 4. Ve başlangıç ​​pozisyonuna geri dönün.

Bunu yavaş ve akıcı bir hareketin parçası olarak tekrarlamaya devam edin."
Counterclockwise neck circles,Back,none (bodyweight exercise),"Başlangıç ​​pozisyonu:

Oturarak veya ayakta başlayın. Başınızı aşağı indirin, çenenizi göğsünüze doğru yaklaştırın, ancak bastırmayın.

Adımlar:

Daha yavaş ve akıcı bir hareketle, başınız rahat ve hiçbir yöne doğru bastırmadan:

1. Sol omzunuza doğru eğilin.

2. Ardından başınızı geriye, yukarı bakacak şekilde getirin.

3. Ardından sağ omzunuza doğru eğilin. 4. Ve başlangıç ​​pozisyonuna geri dönün.

Bunu yavaş ve akıcı bir hareketin parçası olarak tekrarlamaya devam edin."
Neck half circles,Back,none (bodyweight exercise),"Başlangıç ​​pozisyonu:

Oturarak veya ayakta başlayın. Başınızı bir omzunuza yaslayın, ancak bastırmayın.

Adımlar:

Başınız rahat ve hiçbir yöne doğru bastırmadan, yavaş ve akıcı bir hareketle:

1. Başınızı göğsünüze doğru indirin.

2. Ardından diğer omzunuza doğru geriye yaslanın.

3. Sonra tekrar göğsünüze doğru indirin. 4. Ve son olarak başlangıç ​​pozisyonuna doğru indirin.

Bunu tekrar tekrar yapın."
Side plank right,Abs,none (bodyweight exercise),"Başlangıç ​​pozisyonu:

Yan tarafınıza uzanın, alt dirseğiniz dik açı oluşturacak şekilde, kolunuz öne doğru uzanmış olsun. Ön kolunuzu yerde tutarak, alt omzunuzu yukarı kaldırarak pelvisinizi yerden kaldırın; başınız, pelvisiniz ve ayaklarınız düz bir çizgide olmalıdır.

Adımlar:

1. Bu pozisyonda kalın."
Pistol squats right,Legs,none (bodyweight exercise),"1. Tek bacağınız üzerinde durun, diğer bacağınızı düz ve hafifçe öne doğru uzatın.

2. Sırtınızı ve diğer bacağınızı düz tutarak, bir dizinizi yavaşça bükerek çömelme pozisyonuna inin.

3. Bükülmüş dizinizi düzleştirerek ve diğer bacağınızı düz tutarak yavaşça çömelme pozisyonundan kalkın.

4. Tekrarlayın."
"Calf raises, right leg",Calves,none (bodyweight exercise),"1. Hareket aralığını artırmak için yere veya bir basamağın kenarına çıkın.

2. Bir ayağınızı kaldırın.

3. Parmak uçlarınızda durana kadar topuğunuzu kaldırın.

4. *(Değişken)* Bu pozisyonda üç saniye kalın.
5. Ayağınızı yavaşça indirin, topuğunuz yere neredeyse değene kadar - ayağınızı sertçe yere vurmayın!"
Glute Bridge,Legs,Vücut Ağırlığı,"Sırt üstü uzanın, kalçalarınızı ve dizlerinizi bükün, ayaklarınızı yere koyun. Bu pozisyondan, vücudunuz dizlerinizden omuzlarınıza kadar düz bir çizgi oluşturana kadar kalçalarınızı yerden kaldırın. Egzersizi daha yoğun hale getirmek için, hareketi tamamlarken kalçalarınıza bir halter koyarak ağırlık ekleyebilir veya ayaklarınızı bir basamak veya bank gibi biraz daha yüksek bir yüzeye koyabilirsiniz."
Close-grip Lat Pull Down,Back,Vücut Ağırlığı,"Ellerinizi omuz genişliğinden daha yakın bir mesafede, avuç içleriniz sizden uzağa bakacak şekilde barı kavrayın. Hafifçe geriye yaslanın. Dirseklerinizi yanlarınıza yakın tutarak barı göğsünüze doğru çekin. Hareketin sonunda omuzlarınızı geriye doğru çekin."
Braced Squat,Legs,Vücut Ağırlığı,"Ayaklarınızı omuz genişliğinden biraz daha açık bırakarak, olabildiğince dik durun.

Bir ağırlık plakası alın ve kollarınızı düz bir şekilde uzatarak vücudunuzun önünde tutun. Karın kaslarınızı sıkı tutun ve sırtınızda doğal bir kavis oluşturun.

Şimdi, kalçalarınızı geriye doğru itin ve dizlerinizi olabildiğince bükerek çömelin. Birkaç saniye bekleyin ve başlangıç ​​pozisyonuna geri dönün."
Barbell Wrist Curl,Arms,"Barbell, Bench","Bir banka oturun, avuç içleriniz yukarı bakacak şekilde ve elleriniz omuz genişliğinde açık olacak şekilde bir halter tutun. Ön kollarınızı uyluklarınızın üzerine koyun ve bileklerinizin dizlerinizin üzerinden sarkmasına izin verin. Avuç içlerinizi ve bileklerinizi yüzünüze doğru kıvırarak hareketi gerçekleştirin.

En üst pozisyonda bir an bekleyin, ardından halteri yavaşça başlangıç ​​pozisyonuna geri getirin."
Calf Press Using Leg Press Machine,Calves,Vücut Ağırlığı,"Ayak parmaklarınızın topuklarını uzatılmış bir bacak pres pedine yerleştirin. Ayaklarınızı/parmaklarınızı sivri bir pozisyona getirip, sonra da gevşemiş bir pozisyona geri bırakarak, baldır kaslarınızı kullanarak ağırlığı itin.

Bu egzersiz, diğer baldır egzersizlerinden daha iyi olmasa bile, gastroknemius ve soleus kaslarında kütle ve güç oluşturur."
Calf Raises on Hackenschmitt Machine,Calves,Vücut Ağırlığı,"Sırtınız sırt desteğine sıkıca yaslanmış şekilde makineye yerleşin, ayaklarınız baldır kaldırma platformunda olsun. Ayaklarınızın yarı serbest olduğundan ve baldır kaslarınızı tamamen aşağı doğru uzatabildiğinizden emin olun.

Dizleriniz düzken, ağırlığınızı olabildiğince yukarı çekin. Baldırlarınız tamamen gerilene kadar akıcı bir hareketle aşağı inin. Tekrarlayın."
Butterfly Narrow Grip,Chest,Vücut Ağırlığı,"Hareket, normal kelebek hareketine benzer, sadece tutuş daha dardır:

Kelebek makinesine oturun, ayaklarınız yere iyi temas etsin, üst kollarınız yere paralel olsun. Kollarınızı, tutacaklar neredeyse birbirine değene kadar (ama değmesinler!) birbirine bastırın. Yavaşça geriye doğru gidin. Ağırlıklar her zaman havada kalmalıdır."
Ball crunches,Abs,Vücut Ağırlığı,Açıklama Bulunamadı!
Butterfly,Chest,Vücut Ağırlığı,"Kelebek egzersiz aletine oturun, ayaklarınız yere iyice temas etsin, üst kollarınız yere paralel olsun. Kollarınızı, tutacaklar neredeyse birbirine değene kadar (ama değmesinler!) birbirine bastırın. Yavaşça geriye doğru gidin. Ağırlıklar her zaman havada kalmalıdır."
Crunches on Machine,Abs,Vücut Ağırlığı,"İşlem, normal mekik hareketine çok benzer, sadece makinenin ek ağırlığı söz konusudur. Makineye oturun, her iki ayağınızı da yere sağlamca basın. Ağırlıkları, kabloları vb. kavrayın ve öne doğru yuvarlanma hareketi yapın (omurganın ideal olarak omur omur yere temasını kaybetmesi gerekir). Yavaşça başlangıç ​​pozisyonuna dönün."
Incline Crunches,Abs,Incline bench,"Eğimli bir sehpaya sırt üstü uzanın, ayaklarınız sehpanın bir ucunda olsun. Ayaklarınızı sabit tutmak için bir partnerden veya başka bir yardımcıdan (halter vb.) yardım isteyin, elleriniz başınızın arkasında olsun. Bu pozisyondan, başınız veya dirsekleriniz dizlerinize değene kadar üst vücudunuzu yukarı kaldırın. Bu hareketi sırtınızı yukarı doğru yuvarlayarak yapın."
Butterfly Reverse,Shoulders,Vücut Ağırlığı,Açıklama Bulunamadı!
Crunches,Abs,Gym mat,"Yumuşak bir zemine sırt üstü uzanın, ayaklarınız yerde olsun. Ayaklarınızı sabit tutmak için bir partnerden veya başka bir yardımcıdan (halter vb.) yardım isteyin, elleriniz başınızın arkasında olsun. Bu pozisyondan, başınız veya dirsekleriniz dizlerinize değene kadar üst vücudunuzu yukarı kaldırın. Bu hareketi sırtınızı yuvarlayarak yapın."
Crunches With Legs Up,Abs,Vücut Ağırlığı,"Sırt üstü yatın, bacaklarınızı düz bir şekilde yukarı uzatın, ellerinizle ayak parmaklarınıza doğru uzanın ve kürek kemiklerinizi yerden kaldırıp geriye doğru itin."
Deficit Deadlift,Back,Barbell,"Hazırlık

Ağırlık plakası, tampon plaka veya ayaklarınızın üzerinde yüklü bar bulunan sığ yükseltilmiş bir platform üzerinde durun. Çömelin ve barı omuz genişliğinde veya biraz daha geniş bir şekilde üstten veya karışık tutuşla kavrayın.

Uygulama

Kalçalarınızı ve dizlerinizi tam olarak uzatarak barı kaldırın. Kaldırmanın en üst noktasında omuzlarınız yuvarlaksa geriye doğru çekin. Kalçalarınızı geriye doğru bükerek, dizlerinizin öne doğru bükülmesine izin vererek, sırtınızı düz ve dizlerinizi ayaklarınızla aynı yöne bakacak şekilde ağırlığı yere indirin. Tekrarlayın.

Yorumlar

Kaldırma boyunca kalçalarınızı alçakta, omuzlarınızı yüksekte, kollarınızı ve sırtınızı düz tutun. Hareket boyunca dizleriniz ayaklarınızla aynı yöne bakmalıdır. Mekanik kaldıraç etkisini artırmak için barı vücudunuza yakın tutun. Kavrama gücü ve dayanıklılık, ağır dirençlerde birden fazla tekrar yapma yeteneğini genellikle sınırlar. Kavrama gücünü artırmak için spor salonu tebeşiri, bilek kayışları, kavrama egzersizleri ve karışık tutuş kullanılabilir. Karışık tutuş, bir elin üstten, diğer elin alttan tutuşla tutmasını ifade eder. Ağırlık plakalarının daha kolay yüklenmesi ve boşaltılması için halter kaldırma aparatı kullanılabilir.

Barbell Deficit Deadlift, deadlift'in en alt kısmından güç kazanmaya odaklanır. Hedef kas izometrik olarak çalıştırılır. Ağır barbell deadlift, Latissimus Dorsi kasını önemli ölçüde çalıştırır. Gluteus Maximus başlığı altında Barbell Deficit Deadlift'e bakın. Ayrıca Deadlift Analizi'ne de bakın."
Flutter Kicks,Abs,Vücut Ağırlığı,"-Sırt üstü yatın, düzleştirilmiş bacaklarınızı yerden 45 derecelik bir açıyla kaldırın.

-Sol ayağınız aşağı doğru hareket edip yere neredeyse değene kadar, sağ ayağınız 90 derecelik bir açıya veya mümkün olduğunca yakın bir açıya ulaşmaya çalışmalıdır.

-Sağ ayağınızı yere neredeyse değene kadar indirin ve sol ayağınızı yukarı kaldırın. Egzersiz boyunca bacaklarınızın sertliğini koruyun. Başınız yerden yukarıda kalmalı ve sıkılaştırılmış üst karın kaslarınızla desteklenmelidir.

-(Sol yukarı, sağ aşağı, sol aşağı, sağ yukarı, x2) ^v, v^, ^v, v^ = 1 tekrar

-Öncelikle rektus abdominis kaslarını, kalça fleksörlerini ve bel kaslarını çalıştırır. İkinci olarak oblik kasları çalıştırır. Karın kaslarının alt kadranına vurgu yapılır."
Deadlifts,Back,Barbell,"Ayaklarınız omuz genişliğinden biraz daha açık olacak şekilde, sağlam bir şekilde durun. Barın hemen arkasında, barın kaval kemiğinize hafifçe değeceği yerde, ayaklarınız biraz dışa doğru bakacak şekilde durun. Sırtınız düz, dizleriniz de biraz dışa doğru bakacak şekilde eğilin. Barı omuz genişliğinde bir tutuşla, bir avuç içi yukarı, bir avuç içi ters tutuşla kavrayın.

Ağırlığı yukarı çekin. En yüksek noktada sırtınızı hafifçe çukurlaştırın ve barı geriye doğru çekin. Bu pozisyonda 1 veya 2 saniye bekleyin. Sırtınızın bükülmemesine dikkat ederek aşağı inin. Aşağı indikten sonra, ağırlığa bağlı olarak, ağırlıklar yere değdiği anda tekrar yukarı çıkabilir veya bir süre duraklayabilirsiniz."
Diagonal Shoulder Press,Shoulders,Bench,"Bench press aletinin başına oturuyorsunuz, sırtınız hafifçe arkaya doğru eğik. Bar yaklaşık 20 cm önünüzde olmalı. Sonra barı itip tekrar geri çekiyorsunuz, tıpkı bench press'te olduğu gibi.

Bu pozisyonda göğüs kaslarınızı çok daha az zorluyorsunuz, bu da antrenman yapmak istiyorsanız ama göğüs kaslarınız henüz iyileşmediyse güzel bir şey.

İşte bu egzersiz için özel olarak tasarlanmış bir makinede bir kızın fotoğrafı, yukarıdaki yetersiz açıklamamdan daha iyi bir tarif sunuyor:

http://www.schnell-online.de/db\_imgs/products/img/t-80400.jpg"
Dumbbell Goblet Squat,Legs,Dumbbell,"Dambılı üst plakaların yanlarından iki elinizle kavrayın. Dambılı göğsünüzün önünde, gövdenize yakın tutun. Ayaklarınızı omuz genişliğinde açın, dizlerinizi hafifçe bükün.

Uyluklarınız yere paralel olana kadar çömelin. Sırtınızı düz tutun, kalçalarınızı geriye doğru bükün ve hareket ettirin, böylece dizleriniz ayaklarınızın üzerinde kalsın. Dizlerinizi hafifçe bükük tutarak başlangıç ​​pozisyonuna dönün. Tekrarlayın.

Vücut ağırlığınızı topuklarınızda tutun ve sırtınızı düz tutmak için önünüze veya biraz yukarıya bakın."
Decline Bench Press Barbell,Chest,Barbell,"Eğimli bir sehpaya uzanın, bar tam gözlerinizin üzerinde olmalı, dizleriniz hafifçe açılı ve ayaklarınız yere sağlam basmalı. Konsantre olun, derin nefes alın ve barı omuz genişliğinden daha fazla kavrayın. Barı yavaşça aşağı indirin, göğüs uçlarınızın hizasında kısa bir süre göğsünüze değene kadar. Barı yukarı doğru itin."
Decline Bench Press Dumbbell,Chest,Dumbbell,"İki dambıl alın ve eğimli bir sehpaya oturun, ayaklarınız yere sağlam basmalı, başınız sehpaya yaslanmalı. Ağırlıkları göğsünüzün yanına, meme uçlarınızın hizasına getirin ve kollarınız gerilene kadar yukarı doğru itin. Ağırlıkları yavaş ve kontrollü bir şekilde indirin."
Dumbbell Lunges Standing,Legs,Dumbbell,.
Decline Pushups,Chest,none (bodyweight exercise),"Ayaklarınızı bir platformun üzerine yaklaşık 30 cm yukarı kaldırarak, omuzlarınızı, dirseklerinizi ve ellerinizi hizalayın ve ardından normal şınav çekin. Bu hareket, pektoralis majör kasının klaviküler liflerini vurgular."
Fly With Cable,Chest,Vücut Ağırlığı,Açıklama Bulunamadı!
Dumbbell Lunges Walking,Legs,Dumbbell,"Ellerinize iki dambıl alın, dik durun, ayaklarınızı omuz genişliğinde açın. Ön diziniz yaklaşık olarak dik açı oluşturacak şekilde uzun bir adım atın. Arka bacağınız gergin, diziniz yere değmiyor ama aşağıda olmalı. Ayağa kalkarak adımı ""tamamlayın"" ve hareketi diğer bacağınızla tekrarlayın."
"Fly With Dumbbells, Decline Bench",Chest,Dumbbell,"Egzersiz, normal bir sehpada yapılanla aynıdır:

İki dambıl alın ve sehpaya uzanın, ayaklarınızın yere sağlam basmasına ve sırtınızın kamburlaşmamasına, ancak sehpaya iyi temas etmesine dikkat edin. Kollarınızı omuz genişliğinde önünüze doğru uzatın. Şimdi kollarınızı biraz bükün ve yarım daire şeklinde yana doğru indirin. Dirsek açısını değiştirmeden, akıcı bir hareketle tekrar yukarı kaldırın."
Fly With Dumbbells,Chest,Dumbbell,"İki dambıl alın ve bir banka uzanın, ayaklarınızın yere sağlam basmasına ve sırtınızın kamburlaşmamasına, ancak banka iyi temas etmesine dikkat edin. Kollarınızı omuz genişliğinde önünüze doğru uzatın. Şimdi kollarınızı biraz bükün ve yana doğru yarım daire şeklinde bir hareketle indirin. Dirsek açısını değiştirmeden, akıcı bir hareketle tekrar yukarı kaldırın."
Dumbbell Incline Curl,Arms,Dumbbell,"- **Hazırlık:** Ayarlanabilir bir sehpayı yaklaşık **45 ila 60 derece** eğime ayarlayın.

- **Başlangıç ​​Pozisyonu:** Her iki elinize birer dambıl alarak sehpaya yaslanın. Avuç içleriniz öne bakacak şekilde kollarınızı yere doğru düz bir şekilde sarkıtın (supine tutuş).

- **Kıvırma:** Üst kollarınızı sabit tutarak ve omuzlarınızı sehpaya yaslayarak, nefes verin ve ağırlıkları omuzlarınıza doğru yukarı doğru kıvırın.

- **En Yüksek Kasılma:** Hareketin en üst noktasında pazı kaslarınızı iyice sıkın, dirseklerinizin öne doğru sallanmadığından emin olun.

- **İniş:** Nefes alın ve dambılları yavaşça başlangıç ​​pozisyonuna indirin, tam kontrolü koruyun ve pazı kaslarınızdaki gerilmeyi hissedin."
Dumbbell Triceps Extension,Arms,Dumbbell,"Bir dambılı, her iki elinizle iç plakanın altından (kalp şeklinde kavrama) tutarak başınızın üzerine yerleştirin.

Dirsekleriniz başınızın üzerinde olacak şekilde, dirseklerinizi bükerek ön kolunuzu üst kolunuzun arkasına indirin. Dambılın boynunuzun arkasına çarpmasını önlemek için en alt noktada bileklerinizi bükün. Dirseklerinizi uzatarak ve bileklerinizi aşırı gererek dambılı başınızın üzerine kaldırın. Başlayın ve tekrarlayın."
Dips,Chest,none (bodyweight exercise),"Dips, üst vücut kuvveti egzersizidir. Dar, omuz genişliğindeki dips öncelikle triseps kaslarını çalıştırır; başlıca yardımcı kaslar ise ön deltoid, pektoral kaslar (sternal, klaviküler ve minör) ve sırtın romboid kaslarıdır (bu sırayla).[1] Geniş kollu antrenman, geniş tutuşlu bench press'in pektoral kaslara daha fazla, triseps kaslarına ise daha az odaklanmasına benzer şekilde, pektoral kaslara ek vurgu yapar."
Dips Between Two Benches,Arms,Bench,"İki bankı, birine ellerinizle tutunabileceğiniz ve diğerine ayaklarınızla ulaşabileceğiniz kadar uzak mesafeye koyun. Egzersiz boyunca bacaklarınız tamamen gergin kalmalıdır. Dirsekleriniz geriye dönük olacak şekilde, onları olabildiğince bükün. Kendinizi yukarı doğru itin, ancak kollarınızı uzatmayın."
Front Raises with Plates,Shoulders,Vücut Ağırlığı,Açıklama Bulunamadı!
Hanging Leg Raises,Abs,Pull-up bar,"Bir bara veya kayışa asılı halde, dizleriniz düz veya bükülü olacak şekilde bacaklarınızı yukarı kaldırın."
Front Raises,Shoulders,"Barbell, Dumbbell","Bu egzersizi yapmak için, sporcu ayaklarını omuz genişliğinde açarak durur ve ağırlıkları veya direnç kollarını yanlarında, avuç içi yukarı bakacak şekilde (pronasyonlu) tutar.

Hareket, kolları vücudun önünde, göz hizasına kadar ve dirsekte sadece hafif bir bükülme ile kaldırmaktır. Bu, ön deltoid kasını (omuzun ön kısmı) izole eder ve ağırlığı kaldırmak için ön deltoid kasını kullanır.

Kaldırırken, ön deltoid kasının tamamen kullanılabilmesi için vücudu sabit tutmak önemlidir; eğer ağırlık sabit durarak kaldırılamıyorsa, çok ağırdır ve daha düşük bir ağırlık gereklidir. Kaldırma sırasında dirsekte hafif bir bükülme olması önemlidir, çünkü dirseği kilitli tutmak dirsek eklemine stres ekleyebilir ve yaralanmaya neden olabilir.

Çekiç kıvırma hareketinde kullanılanlara benzer nötr bir tutuş da kullanılabilir. Bu varyasyonda ağırlık yine göz hizasına kaldırılır, ancak vücudun önünden 45 derecelik bir açıyla. Bu, özellikle rotator manşet ile ilgili omuz yaralanmaları olanlar için faydalı olabilir."
Hindu Squats,Legs,Vücut Ağırlığı,"Ayaklarınızı omuz genişliğinde açarak ve kollarınızı hafifçe sırtınızın arkasına koyarak başlayın.

Yere doğru inerken, sırtınızı olabildiğince dik tutarak topuklarınızı yerden kaldırın.

En alt pozisyona ulaştığınızda, ellerinizi topuklarınıza değdirin.

Ardından, topuklarınız yerde, kollarınız göğsünüzün önünde uzatılmış halde ayağa kalkın ve kürek çekerek başlangıç ​​pozisyonuna geri dönün."
Front Squats,Legs,Barbell,"Bu çömelme varyasyonu, hamstring kaslarını ve gluteus maximus kasını çalıştırır. Ayrıca sırt ekstansör ve abdüktör kaslarını da çalıştırır."
Hammercurls on Cable,Arms,Vücut Ağırlığı,"Ellerinize bir kablo alın (avuç içleriniz paralel ve birbirine dönük olsun), vücudunuz düz olsun. Kollarınızı bükün ve ağırlığı hızlı bir hareketle yukarı kaldırın. Hiç duraksamadan, yavaş ve kontrollü bir hareketle aşağı indirin, ancak kollarınızı tamamen germeyin.

Egzersiz sırasında vücudunuzu sallamayın, tüm işi pazı kaslarınız yapmalıdır. Dirsekleriniz yanlarınızda olmalı ve hareket etmemelidir."
Hammer Curls,Arms,Dumbbell,"- **Başlangıç:** Avuç içleriniz gövdenize dönük olacak şekilde dambılları yanlarınızda tutun.

- **Kıvırma:** Ağırlıkları nötr tutuşu koruyarak (çekiç tutar gibi) omuzlarınıza doğru kaldırın.

- **Sıkma:** Dirseklerinizi öne doğru hareket ettirmeden, en üst noktada pazı kaslarınızı kasın.

- **İndirme:** Tamamen kontrollü bir şekilde yavaşça başlangıç ​​pozisyonuna dönün."
Skullcrusher Dumbbells,Arms,"Bench, Dumbbell","Dambılları tutun ve başınızın yaklaşık 1/4'ü kenardan sarkacak şekilde düz bir sehpaya uzanın. Kollarınızı düz yukarı doğru uzatın ve ardından dambılları ayak parmaklarınızdan 10-20 derecelik bir açıyla uzağa doğru eğin. Egzersiz boyunca üst kolunuzu bu açıda tutun. Dambıl başınızın hizasında değil, başınızın biraz yukarısında olmalıdır. Bu, triseps kaslarına sürekli yük bindirerek egzersizden maksimum verim almanızı sağlayacaktır.

Dirseklerinize ve kollarınıza dikkat edin: Sadece triseps kasları çalışıyor, kollarınızın geri kalanı hareket etmemelidir."
Skullcrusher SZ-bar,Arms,"Bench, SZ-Bar","SZ barı tutun ve başınızın yaklaşık 1/4'ü kenardan sarkacak şekilde düz bir sehpaya uzanın. Kollarınızı barla birlikte uzatın ve barı aşağı indirecek şekilde bükün. Alnınıza değmeden hemen önce yukarı doğru itin.

Dirseklerinize ve kollarınıza dikkat edin: sadece triseps kasları çalışıyor, kollarınızın geri kalanı hareket etmemeli."
Front Pull narrow,Back,"Barbell, SZ-Bar",Açıklama Bulunamadı!
Front pull wide,Back,"Barbell, SZ-Bar",Açıklama Bulunamadı!
Handstand Pushup,Shoulders,none (bodyweight exercise),"El üstü şınav (pres-up) - dikey şınav (pres-up) veya ters şınav (pres-up) olarak da adlandırılan ve komando şınavı olarak da bilinen - vücudun el üstü pozisyonda olduğu bir şınav egzersizi türüdür. Gerçek bir el üstü duruş için egzersiz, havada tutularak, serbest bir şekilde yapılır. Yeterli denge sağlanana kadar güç kazanmak için ayaklar genellikle duvara yaslanır, bir partner tarafından tutulur veya düşmeyi önlemek için başka bir şekilde sabitlenir. El üstü şınav, serbest bir şekilde yapıldığında önemli bir güç, denge ve kontrol gerektirir."
Leg Curls (laying),Legs,Vücut Ağırlığı,"Bir banka uzanın ve baldırlarınızı bacak tutucunun arkasına yerleştirin (alt baldırlarınızdan tutmanız daha iyi olur). Vücudunuzun sağlam bir şekilde yerinde olduğundan emin olmak için barlardan tutun. Bacaklarınızı bükerek ağırlığı yukarı kaldırın, yavaşça geri indirin. Egzersiz sırasında vücut hareket etmemeli, tüm iş bacaklar tarafından yapılmalıdır."
Lat Pull Down (Leaning Back),Back,Vücut Ağırlığı,"Geriye yaslanın, göğsünüze doğru çekin."
Lat Pull Down (Straight Back),Back,Vücut Ağırlığı,Barı kas gücünüze kadar aşağı çekin ve sırtınızı düz tutun.
Leg Curls (sitting),Legs,Vücut Ağırlığı,Açıklama Bulunamadı!
"Lateral Rows on Cable, One Armed",Shoulders,Vücut Ağırlığı,"Kabloyu bel hizasına ayarlayın, kolunuzu karnınızın üzerinden geçirerek başlayın ve birer birer kollarınızı diğer tarafa doğru hareket ettirin."
Lateral Raises,Shoulders,Dumbbell,"Bu egzersiz omuzun deltoid kasını çalıştırır. Hareket, kollar düz ve eller vücudun yanlarında veya önünde ağırlıklar tutarak başlar. Vücut, kalçalar ve dizler biraz bükülmüş şekilde hafifçe öne eğik bir pozisyondadır. Kollar düz veya hafifçe bükülmüş halde tutulur ve koronal düzlemde, eller yaklaşık omuz hizasında olana kadar bir hareket yayı boyunca kaldırılır. Ağırlıklar başlangıç ​​pozisyonuna indirilir ve bir tekrar tamamlanır. Kablo makinesi kullanıldığında, kişi koronal düzlemi, yerde veya yere yakın olan makara ile aynı hizada olacak şekilde durur.[9] Egzersiz, bir omuz bir seferde (diğer el, hareket eden ağırlığa karşı vücudu dengelemek için kullanılır) veya iki paralel makara mevcutsa her iki elle aynı anda tamamlanabilir."
Leg Curl,Legs,Vücut Ağırlığı,"Bacak kıvırma hareketi, diğer adıyla hamstring kıvırma, hamstring kaslarını hedefleyen izole bir egzersizdir. Bu egzersiz, alt bacağın direnç karşısında kalçalara doğru bükülmesini içerir. Hamstring kaslarını güçlendirmek için kullanılabilecek diğer egzersizler arasında glute-ham raise ve deadlift bulunur."
Lateral-to-Front Raises,Shoulders,Dumbbell,"-(1) Yan kaldırma hareketi yapın, kaldırmanın en üst noktasında duraklayın (2).

-Ağırlığı indirmek yerine, ön kaldırma hareketinin en üst pozisyonundaymış gibi görünmek için ağırlığı vücudunuzun önüne getirin. Bunu, kollarınızı düz tutarak bir Göğüs Kaslarını Çalıştırma hareketi kullanarak yapacaksınız. (3)

-Şimdi ağırlığı uyluk kaslarınıza indirin veya başka bir deyişle, bir Ön Kaldırma tekrarı yapıyormuş gibi dambılları indirin. (4)

-Hareketi tersine çevirin: Bir ön kaldırma hareketi yapın (5), kaldırmanın en üst noktasında ağırlıkları bir Yan Kaldırma hareketinin en üst noktasına yerleştirmek için bir Ters Çalıştırma hareketi kullanın (6) ve son olarak, avuç içleriniz uyluklarınızın yanlarına değene kadar ağırlıkları indirin (7). BU BİR TEKRARDIR.

(1) l  *ön görünüm* (2) -l-  *FV*  (3) l-  *yan görünüm*   (4) l  *SV/FV*   (5) l-  *SV* (6) -l-  *FV*  (7)  l  *FV/SV*"
Incline Push up,Chest,Vücut Ağırlığı,30 derecelik eğimle düzenli itme hareketi.
Squats on Multipress,Legs,Vücut Ağırlığı,Açıklama Bulunamadı!
Incline Dumbbell Fly,Chest,"Dumbbell, Incline bench",Eğimli sehpa kullanın. Dambılları dirsekleriniz hafifçe bükülü olarak yanlara doğru düz tutun. Dirseklerinizin açısını sabit tutarak kollarınızı yukarıda birleştirin.
Incline Plank With Alternate Floor Touch,Abs,Vücut Ağırlığı,"Bacaklarınız yukarıda, ayaklarınız bir egzersiz topunun üzerinde olacak şekilde plank pozisyonunu alın. Dengeyi sağladıktan sonra, bir ayağınızı yavaşça topun üzerinden yana doğru hareket ettirin, ardından yere değdirin ve başlangıç ​​pozisyonuna geri dönün. Diğer ayakla da aynı hareketi tekrarlayın.

Bu bir karın kası egzersizidir."
Kettlebell Swings,Legs,Kettlebell,"Kettlebell'i iki elinizle sıkıca tutun. Hareket boyunca sırtınızı düz tutun, omurganızın yuvarlaklaşmasından kaçının. Dizlerinizi ""yumuşak"" tutarak, kalçalarınızı geriye doğru bükün ve kettlebell'in dizlerinizin arasında sallanmasına izin verin.

Kalçalarınızdan olabildiğince geriye doğru bükülün (*sırtınızın öne doğru yuvarlaklaşmasına izin vermeden*). Ardından, kalçalarınızı hızla öne doğru itin ve dik bir duruşta vücudunuzu kilitleyin.

Bunu yapma hızınız, kollarınızın ve kettlebell'in önünüzde yukarı doğru sallanmasına neden olacaktır. Kettlebell'i kollarınızla *kaldırmaya* çalışmayın. Kalçalarınızın öne doğru itilmesi, kettlebell'in momentum yoluyla öne doğru sallanmasına neden olacaktır. Kettlebell'in ağırlığına ve kalça hareketinizin hızına bağlı olarak, kollarınız yaklaşık omuz hizasına kadar sallanacaktır. Bu sallanmanın en üst noktasında, kettlebell bacaklarınızın arasına ve bir sonraki tekrarın başlangıcına doğru sallanırken kalçalarınızı tekrar geriye doğru bükün."
Leverage Machine Iso Row,Back,Vücut Ağırlığı,"Koltuk yüksekliğini, tutma yerleri göğüs kaslarınızın alt kısmında veya biraz altında olacak şekilde ayarlayın."
Negative Crunches,Abs,Vücut Ağırlığı,"Eğimli sehpaya oturun ve bacaklarınızı sabitleyin. Kollarınızı göğsünüzün üzerinde çaprazlayın ve yuvarlanma hareketiyle üst vücudunuzu yukarı kaldırın, şimdi duraksamadan ve yavaş bir hareketle tekrar aşağı indirin. Egzersiz sırasında başınızın hareket etmesine izin vermeyin."
Military Press mit SZ-Bar,Shoulders,SZ-Bar,"SZ bar'da, her kıvrımın dış tarafına ellerinizi yerleştirin ve kollarınızı düz aşağı doğru, avuç içleriniz bacaklarınıza dönük şekilde tutun. Barı (dirseklerinizi bükerek) göğsünüze doğru çekin ve ardından barı başınızın üzerine doğru itin (kollarınız olabildiğince düz). Barı dirseklerinizi aşağı indirerek göğsünüze geri indirin. Barı orijinal pozisyonuna geri getirin (kollarınız düz aşağı doğru, avuç içleriniz bacaklarınıza dönük şekilde durun)."
Diamond push ups,Chest,none (bodyweight exercise),"Başlangıç: Plank pozisyonuna geçin. Başparmaklarınız ve işaret parmaklarınız elmas şeklini oluşturacak şekilde ellerinizi göğsünüzün altına yakın bir şekilde yerleştirin.

İndirme: Dirseklerinizi bükerek göğsünüzü ellerinize doğru indirin. Vücudunuzu düz tutun.

İtme: Kollarınız tamamen uzayana kadar yukarı doğru itin.

Yeni not: Dirseklerinizi vücudunuza yakın tutun ve karın kaslarınızı sıkılaştırın."
"Leg Raises, Standing",Abs,Vücut Ağırlığı,"Ön kollarınızı bacak kaldırma makinesinin pedlerine yerleştirin, vücudunuz serbestçe sallansın. Şimdi bacaklarınızı hızlı bir hareketle olabildiğince yukarı kaldırın, en üst noktada 1 saniyelik kısa bir duraklama yapın ve tekrar aşağı indirin. Egzersiz sırasında vücudunuzun sallanmamasına, sadece bacaklarınızın hareket etmesine dikkat edin."
Leverage Machine Chest Press,Chest,Vücut Ağırlığı,"Koltuk yüksekliğini, tutma yerleri göğüs kaslarınızın alt kısmına doğru gelecek şekilde ayarladığınızdan emin olun."
"Leg Raises, Lying",Abs,Gym mat,Bir banka uzanın ve dengenizi sağlamak için ellerinizle koltuğa tutunun. Bacaklarınızı düz tutun ve yaklaşık 45°'lik bir açı oluşturana kadar kaldırın. 1 saniyelik kısa bir duraklama yapın ve yavaşça başlangıç ​​pozisyonuna inin. Yoğunluğu artırmak için her 5. seferde 7 saniyelik daha uzun bir duraklama yapabilirsiniz.
Leg Raise,Legs,Vücut Ağırlığı,"Bacak kaldırma, iliopsoas kasını (ön kalça bükücü kasları) hedefleyen bir kuvvet antrenmanı egzersizidir. Hareket sırasında vücudu stabilize etmek için karın kasları izometrik olarak kullanıldığından, bacak kaldırma egzersizleri genellikle rektus abdominis kasını ve iç ve dış oblik kaslarını güçlendirmek için de kullanılır."
Low Box Squat - Wide Stance,Legs,Barbell,"Barı sehpadan kaldırın ve kalçalarınızın ötesine, geniş bir duruş pozisyonu alın. Kalçalarınızı geriye doğru itin ve paralel seviyenin altına inen bir kutuya oturun. Tamamen oturun, dokunup kalkmayın. Ardından patlayıcı bir şekilde ayağa kalkın. Hareket boyunca üst sırtınızı ve gövdenizi sıkı tutun."
Leg Curls (standing),Legs,Vücut Ağırlığı,Açıklama Bulunamadı!
Leg Press on Hackenschmidt Machine,Legs,Vücut Ağırlığı,Açıklama Bulunamadı!
Leg Presses (narrow),Legs,Vücut Ağırlığı,"Bu egzersiz, geniş bacak presine çok benzer:

Makineye oturun ve ayaklarınızı aralarına bir ayak daha koyabileceğiniz kadar geniş aralıklarla platforma yerleştirin. Ayaklar paralel ve yukarı doğru bakmalıdır.

Ağırlığı, dizleriniz dik açı oluşturacak şekilde indirin. Hemen, hiç duraksamadan platformu tekrar yukarı itin. En alt pozisyondayken dizler biraz dışa doğru bakmalı ve hareket her zaman akıcı olmalıdır."
Leg Presses (wide),Legs,Vücut Ağırlığı,"Makineye oturun ve ayaklarınızı omuz genişliğinden biraz daha geniş bir şekilde platforma koyun. Ayaklar birkaç derece dışa dönük olmalıdır.

Ağırlığı, dizleriniz dik açı oluşturacak kadar aşağı indirin. Hemen, hiç duraksamadan platformu tekrar yukarı itin. En alt pozisyondayken dizler biraz dışa dönük olmalı ve hareket her zaman akıcı olmalıdır."
Leg Press,Legs,Vücut Ağırlığı,"Bacak presi, kişinin bacaklarını kullanarak bir ağırlığı veya direnci kendisinden uzağa doğru ittiği bir ağırlık antrenmanı egzersizidir."
Pendelay Rows,Back,Barbell,"Sırt egzersizi, başlangıç ​​pozisyonunda sırt yere paralel olacak şekilde öne eğilmiş bir pozisyonda, barbel ile yapılır. Barbel göğüs hizasında yerde durmalıdır. Hareket için, barbeli omuz genişliğinde kavrayın ve öne eğilmiş pozisyonu bozmadan ve sadece kollarınızı hareket ettirerek göğsünüze doğru çekin."
Rack Deadlift,Back,Vücut Ağırlığı,"Deadlift, Smith makinesi veya serbest raf kullanılarak yapılmalıdır. Bar veya halter, diz kapağı seviyesinin hemen altında olmalıdır. Kalça kaslarını ve topukları kullanarak kaldırın, ardından 2 saniyelik kontrollü bir hareketle başlangıç ​​pozisyonuna geri dönün.

Bu egzersiz esas olarak bel ve kalça kaslarını hedef alır."
Push Press,Shoulders,Vücut Ağırlığı,Dambılları avuç içleriniz birbirine bakacak şekilde omuzlarınıza kaldırın. Nefes alın ve karın kaslarınızı sıkın. (Resim 1) Dizlerinizi bükün ve bacaklarınızı kullanarak (Resim 2) dambılları başınızın üzerine kaldırın. Yavaş bir tempoyla kontrollü bir şekilde omuzlarınıza indirin ve tekrarlayın.
Pause Bench,Chest,"Barbell, Bench","Barı göğsünüze indirin ve orada 2 saniye bekleyin (ancak dinlenmeyin). Tekrar yukarı doğru itin. Bench press'te kullandığınız ağırlığı kullanın, ancak sadece tek tekrarlar yapın. Bir set bench press'te yaptığınız tekrar sayısını toplayın (eğer 8'er tekrardan oluşan 3 set yaptıysanız, 8 tek duraklamalı bench press tekrarı yapın)."
Preacher Curls,Arms,SZ-Bar,"EZ curl barı, preacher bench'in önündeki destek kollarına yerleştirin. Bankın üzerine eğilin ve avuç içleriniz yukarı bakacak şekilde EZ curl barı kavrayın. Preacher bench'in oturma yerine oturun, böylece üst kollarınız minderin üzerinde, göğsünüz ise mindere yaslanmış olsun. Dirsekleriniz düz ve kollarınız gergin olana kadar ağırlığı indirin. Pazı kaslarınızı kasarak ağırlığı başlangıç ​​noktasına geri getirin. Tekrarlayın."
Rear Delt Raises,Shoulders,Dumbbell,"Yere dambılları koyarak bir banka oturun, 45 derece öne eğilin ve ardından her bir dambılı yavaşça omuz hizasına kadar kaldırın ve birkaç saniye bu pozisyonda bekledikten sonra başlangıç ​​pozisyonuna indirin."
Pistol Squat,Legs,Vücut Ağırlığı,"1. Ayaklarınızı kalça genişliğinde açarak, parmak uçlarınız öne doğru bakacak şekilde ve göğsünüz dik durun.

2. Bacağınızı düz bir şekilde uzatın; her iki kolunuzu da omuz hizasında önünüze doğru uzatın. Karın kaslarınızı sıkın ve dümdüz ileriye bakın.

3. Yavaşça çömelin.

4. (İsteğe bağlı) En alt noktada kısa bir süre bekleyin.

Tüm süre boyunca (serbest) bacağınızı ve kollarınızı uzatılmış halde tutun."
Pull Ups on Machine,Back,Vücut Ağırlığı,Açıklama Bulunamadı!
Pull-ups,Back,Pull-up bar,"Barfiks çubuğunu geniş bir kavrama ile tutun, vücudunuz serbestçe sarkacak şekilde. Göğsünüzü dışarıda tutarak, çeneniz bara değene kadar veya isterseniz boynunuza değene kadar kendinizi yukarı çekin. Yavaş ve kontrollü bir hareketle aşağı inin, her zaman göğsünüzü dışarıda tutun."
Plank,Abs,none (bodyweight exercise),"Yere uzanın ve ağırlığınızı ön kollarınız ve ayak parmaklarınız üzerinde destekleyin. Kollarınız bükülü ve omuz hizasının hemen altında olmalıdır.

Vücudunuzu her zaman düz tutun ve bu pozisyonu mümkün olduğunca uzun süre koruyun. Zorluğu artırmak için egzersizi yaparken bir kolunuzu veya bacağınızı kaldırabilirsiniz."
Scissors,Abs,Vücut Ağırlığı,"Makas hareketi, karın kaslarını güçlendiren, karın bölgesini düzleştirmeye ve tüm karın kaslarını güçlendirmeye yardımcı olan bir karın egzersizidir. Makas hareketi sadece karın kaslarını güçlendirmekle kalmaz, aynı zamanda hamstring kasları ve bel bölgesini de esnetir. Herkes karın kaslarını çalıştırmak, karnı düzleştirmek ve esnekliği artırmak için yeni yollar arıyor. Makas hareketini nasıl yapacağınızı öğrenirseniz, tüm bunları tek bir harekette bir araya getirmiş olursunuz."
"Rowing seated, narrow grip",Back,Vücut Ağırlığı,"* Kasları sıkın
* Kontrollü hareket
* Yavaş hareket
* Üst vücudu dik tutun
* Geriye yaslanmayın
* Göğse doğru çekin"
Reverse Bar Curl,Arms,SZ-Bar,"Barı ters (veya ""üstten"") kavrama ile, avuç içleriniz yere bakacak şekilde tutun."
Renegade Row,Back,Dumbbell,"Şınav pozisyonuna geçin ve dambılları kavrayın. Bir şınav çekin, ardından sol dirseğinizi yukarı doğru iterek dambılı vücudunuza doğru kaldırın. Dambılı başlangıç ​​pozisyonuna geri indirin.

Bir şınav daha çekin ve ardından diğer kolunuzla kürek çekme hareketi yaparak bir tekrarı tamamlayın."
"Rowing, T-bar",Back,Vücut Ağırlığı,"Bu egzersizin yapılışı, normal öne eğilerek kürek çekmeye çok benzer, tek farkı burada barın sabit olmasıdır.

Barı geniş bir tutuşla (omuz genişliğinden biraz daha geniş) kavrayın ve öne eğilin. Üst bedeniniz yere tam paralel değil, hafif bir açı oluşturuyor. Egzersiz boyunca göğsünüz dışarıda olmalı. Şimdi barı hızlı bir hareketle göbek deliğinize doğru çekin, daha yukarıya değil. Yavaşça başlangıç ​​pozisyonuna inin. Vücudunuzla sallanmayın ve kollarınızı vücudunuza yakın tutun."
Seated Triceps Press,Arms,"Bench, Dumbbell","Sırt üstü (sırt desteği olan bir yere) oturun. Her iki elinizle bir dambılı sıkıca kavrayın ve kollarınızı uzatarak başınızın üzerinde tutun. Avuç içleriniz yukarı bakacak şekilde ve dambılın ağırlığını tutarak, ağırlığı yavaşça başınızın arkasına indirin."
Row,Back,"Barbell, Dumbbell, Pull-up bar","Kuvvet antrenmanında, kürek çekme (veya genellikle niteleyici bir sıfatla birlikte kullanılan ""kürek çekme"" - örneğin oturarak kürek çekme) egzersizinin amacı, kürek çekenin kollarını vücuda doğru çeken kasları (latissimus dorsi), kürek kemiklerini geri çeken kasları (trapezius ve romboidler) ve omurgayı destekleyen kasları (erector spinae) güçlendirmektir. Kürek çekme makinesinde yapıldığında, kürek çekme aynı zamanda bacakları uzatan ve destekleyen kasları (kuadriseps ve uyluk kasları) da çalıştırır. Her durumda, vücudu desteklemek ve sırt sakatlanmalarını önlemek için karın ve bel kasları kullanılmalıdır."
"Rowing, Lying on Bench",Back,Vücut Ağırlığı,Açıklama Bulunamadı!
Ring Dips,Arms,Vücut Ağırlığı,Jimnastik halkaları üzerinde yapılan dips hareketi.
Romanian Deadlift,Legs,Barbell,DL (en üstten 2. pozisyona): https://www.youtube.com/watch?v=WtWtjViRsKo
"Shoulder Press, on Machine",Shoulders,Vücut Ağırlığı,Açıklama Bulunamadı!
Reverse Grip Bench Press,Chest,"Barbell, Bench",Üst göğüs kaslarını çalıştıran ve aynı zamanda triseps kaslarını da etkili bir şekilde kullanan bir egzersiz.
Run - Interval Training,Cardio,Vücut Ağırlığı,"Koşun ve yokuş tekrarı, fartlek gibi interval antrenmanları yapın."
Incline Bench Press - Barbell,Chest,"Barbell, Incline bench",Yavaşça yapmak için tempo 4010'dur.
Shotgun Row,Back,Vücut Ağırlığı,"1. Alçak bir kabloya tek bir tutamak takın.

2. Doğru ağırlığı seçtikten sonra, geniş bacaklı bir duruşla birkaç adım geriye doğru durun. Kolunuz uzatılmış ve omzunuz önde olmalıdır. Bu sizin başlangıç ​​pozisyonunuz olacaktır.

3. Omuzunuzu geriye çekerek ve dirseğinizi bükerek hareketi gerçekleştirin. Çekerken bileğinizi supine edin ve avuç içini yukarı doğru çevirin.

4. Kısa bir duraklamanın ardından başlangıç ​​pozisyonuna geri dönün."
Splinter Sit-ups,Abs,Vücut Ağırlığı,"Sırt üstü uzanın, bacaklarınız düz ve kollarınız yanlarda, dirsekleriniz 90 derece bükülü olsun. Otururken üst vücudunuzu sola çevirin ve sol dizinizi sağ dirseğinize doğru getirirken sol kolunuzu geriye doğru sallayın. Vücudunuzu başlangıç ​​pozisyonuna indirin ve aynı hareketi sağa doğru tekrarlayın. Bu 1 tekrardır."
Speed Deadlift,Legs,Vücut Ağırlığı,Setler arasında kısa (1 dakikadan az) dinlenme süreleriyle deadlift yapın.
"Shoulder Press, on Multi Press",Shoulders,Vücut Ağırlığı,"Egzersiz temelde serbest halterle yapılanla aynıdır:

Bir banka oturun, sırt desteği neredeyse dikey olmalıdır. Omuz genişliğinde bir kavrama ile halteri alın ve göğüs hizasına kadar indirin. Ağırlığı yukarı doğru itin, ancak kollarınızı tamamen germeyin. Yavaşça aşağı indirin ve tekrarlayın."
Sit-ups,Abs,Vücut Ağırlığı,"Bir mindere oturun, baldırlarınız bir banka yaslansın, dizleriniz dik açı oluştursun. Ellerinizi boynunuzun arkasına koyun. Şimdi sırtınızı yuvarlayarak yukarı doğru kalkın, omurlarınızın mindere temasını kaybettiğini hissetmelisiniz. En üst noktada, karın kaslarınızı olabildiğince kasın ve 2 saniye orada kalın. Şimdi sırtınızı açarak aşağı inin."
"Shoulder Press, Dumbbells",Shoulders,Dumbbell,"Sırt desteği neredeyse dikey olacak şekilde bir banka oturun. İki dambıl alın ve omuz hizasına kadar kaldırın; avuç içleriniz ve dirsekleriniz tüm egzersiz boyunca öne doğru bakmalıdır. Ağırlıkları yukarı doğru itin, en yüksek noktada birbirine çok yaklaşsınlar ama değmesinler. Yavaşça aşağı indirin ve tekrarlayın."
"Shoulder Press, Barbell",Shoulders,Barbell,"Sırt desteği neredeyse dikey olacak şekilde bir banka oturun. Omuz genişliğinde bir kavrama ile halter alın ve göğüs hizasına kadar kaldırın. Ağırlığı yukarı doğru itin, ancak kollarınızı tamamen germeyin. Yavaşça aşağı indirin ve tekrarlayın."
Single-arm Preacher Curl,Arms,Dumbbell,Preacher curl sehpasına oturun ve bir elinizde dambılla pazı kıvırma hareketi yapın. Diğer eliniz dinlenebilir veya kıvırma hareketi yapan kolunuzun dirseğinin altında olabilir.
Sitting Calf Raises,Calves,Vücut Ağırlığı,Baldır kaldırma egzersizi için bir banka oturun ve ayaklarınızın yarı serbest olduğundan ve baldır kaslarınızı tamamen aşağı doğru uzatabildiğinizden emin olun. Baldırlarınızı olabildiğince yukarı çekin. En yüksek noktada 1 veya 2 saniyelik kısa bir duraklama yapın ve aşağı inin.
Side to Side Push Ups,Chest,Vücut Ağırlığı,"-Şınav pozisyonunda başlayın

-Vücut ağırlığınızı sağ tarafa verin ve göğsünüz sağ elinizin üzerinde olacak şekilde şınav çekin

-Ortaya geri dönün

-2. tekrarda sol tarafa doğru eğilin"
Smith Machine Close-grip Bench Press,Arms,Vücut Ağırlığı,"Smith makinesinde standart bir bench press hareketi yapın, ancak ellerinizi bara omuz genişliğinde açarak yerleştirin ve dirseklerinizi vücudunuza yakın tutun."
Side Crunch,Abs,Gym mat,Bir elinize ağırlık alın. Yanlara doğru dizinizi bükün. Yan karın kaslarınızı kullanarak dik pozisyona geri dönün.
"Shrugs, Barbells",Shoulders,Barbell,"Bir halter alın ve vücudunuz dik olacak şekilde, kollarınız önünüzde serbestçe sarkacak şekilde durun. Bu pozisyondan omuzlarınızı olabildiğince yukarı kaldırın, ancak hareket sırasında kollarınızı bükmeyin. En yüksek noktada, 1 veya 2 saniyelik kısa bir duraklama yapın ve ardından yavaşça başlangıç ​​pozisyonuna dönün.

Daha yüksek ağırlıkla çalışırken, hareketin tamamını yaptığınızdan emin olun!"
Shrugs on Multipress,Shoulders,Vücut Ağırlığı,Açıklama Bulunamadı!
"Shrugs, Dumbbells",Shoulders,Dumbbell,"Vücudunuz dik duracak şekilde ayakta durun, elleriniz yanlarda serbestçe sallansın ve her birinizde birer dambıl tutun. Bu pozisyondan omuzlarınızı olabildiğince yukarı kaldırın, ancak hareket sırasında kollarınızı bükmeyin. En yüksek noktada, 1 veya 2 saniyelik kısa bir duraklamanın ardından yavaşça başlangıç ​​pozisyonuna dönün.

Daha yüksek ağırlıkla çalışırken, hareketin tamamını yaptığınızdan emin olun!"
Shoulder Shrug,Shoulders,none (bodyweight exercise),"Omuz silkme (genellikle sadece omuz silkme olarak adlandırılır), üst trapez kasını geliştirmek için kullanılan bir ağırlık antrenmanı egzersizidir. Sporcu dik durur, ellerini omuz genişliğinde açar ve dirseklerini bükmeden veya vücudunu hiç hareket ettirmeden omuzlarını olabildiğince yukarı kaldırır ve sonra indirir. Sporcunun hareket aralığı, aktif esneklik için yapılan normal bir omuz silkme hareketindeki kadar geniş olmayabilir. Omuzların yukarı kaldırılmış pozisyonda yatay bir eğime sahip olması genellikle iyi bir form olarak kabul edilir."
Side Plank,Abs,none (bodyweight exercise),"Yan karın kaslarınızı çalıştırır ve omurganızı stabilize etmenize yardımcı olur. Yan yatın ve vücudunuzu ön kolunuz ve diziniz arasında, ayaklarınıza kadar destekleyin."
Straight-arm Pull Down (bar Attachment),Back,Vücut Ağırlığı,"Yüksek makaraya düz çubuk aparatını takın. Avuç içleriniz aşağıya bakacak şekilde ve kollarınız önünüzde düz bir şekilde uzanmış halde çubuğun iki ucunu kavrayın. Kollarınızı düz tutarak ellerinizi kalçalarınıza doğru çekin, ardından başlangıç ​​pozisyonuna geri kaldırın."
Sumo Squats,Legs,none (bodyweight exercise),"Ayaklarınızı omuz genişliğinden daha geniş açarak, ayak parmaklarınız 45 derecelik bir açıyla dışa dönük ve halter omuzunuzda olacak şekilde durun.

Sırtınızı düz tutarak, oturuyormuş gibi dizlerinizi ve kalçalarınızı bükerek yavaşça aşağı inin (çömelme).

Diz ve arka bacak kaslarınız yere paralel olana kadar kendinizi aşağı indirin.

Ağırlığınızın ön ve topuk kısımlarına eşit dağılımını koruyarak, yukarı doğru bastırarak ve bacaklarınızı uzatarak başlangıç ​​pozisyonuna geri dönün."
Straight-arm Pull Down (rope Attachment),Back,Vücut Ağırlığı,"Yüksek bir makaraya halat aparatını takın. Halatın iki ucunu kollarınızı önünüze doğru düz bir şekilde uzatarak kavrayın. Kollarınızı düz tutarak ellerinizi kalçalarınıza doğru çekin, ardından başlangıç ​​pozisyonuna geri kaldırın."
Sumo Deadlift,Legs,Vücut Ağırlığı,"1. Yere yerleştirilmiş bir bar ile başlayın. Barı ayaklarınızın ortasından geçecek şekilde yaklaşın. Ayaklarınız çok geniş, bileklerinize yakın olmalıdır. Barı kavramak için kalçalarınızdan bükülün. Kollarınız omuzlarınızın hemen altında, bacaklarınızın içinde olmalı ve avuç içleriniz aşağıya bakacak şekilde, karışık tutuş veya kanca tutuşu kullanabilirsiniz. Omuzlarınızı gevşetin, bu da kollarınızı uzatır.
2. Nefes alın ve ardından kalçalarınızı indirin, başınızı öne doğru uzatın ve göğsünüzü yukarı kaldırın. Ağırlığınızı ayaklarınızın arka yarısına vererek, ayaklarınızı birbirinden ayırarak yere doğru itin. Kalçalarınızı ve dizlerinizi uzatın.
3. Bar dizlerinizden geçerken, geriye doğru yaslanın ve omuz kürek kemiklerinizi birbirine yaklaştırarak kalçalarınızı bara doğru itin.

4. Kalçalarınızdan bükülerek ve ağırlığı aşağı doğru kontrol ederek ağırlığı yere indirin."
Squat Thrust,Legs,none (bodyweight exercise),"Burpee veya çömelme hareketi, kuvvet antrenmanında ve aerobik egzersiz olarak kullanılan tam vücut egzersizidir. Temel hareket dört adımda yapılır ve dört sayılık burpee olarak bilinir: Ayakta durma pozisyonunda başlayın. Ellerinizi yere koyarak çömelme pozisyonuna geçin. (1. sayım) Kollarınızı uzatarak ayaklarınızı geriye doğru iterek plank pozisyonuna geçin. (2. sayım) Hemen ayaklarınızı tekrar çömelme pozisyonuna getirin. (3. sayım) Çömelme pozisyonundan ayağa kalkın. (4. sayım)"
Stiff-legged Deadlifts,Legs,Barbell,"* Bacaklarınızı düz tutun
* Sırtınızı düz tutun"
Standing Calf Raises,Calves,Vücut Ağırlığı,"Baldır kaldırma makinesine çıkın, baldırlarınızı tamamen aşağı doğru itebilmelisiniz. Dik durun, sırtınızı kamburlaştırmayın ve bacaklarınızı bükmeyin. Kendinizi olabildiğince yukarı çekin. 1-2 saniye kadar kısa bir ara verin ve yavaşça aşağı inin."
Squat Jumps,Legs,Vücut Ağırlığı,"Geniş bir sıçrama yapın, sonra da yaklaşın."
Squats,Legs,Barbell,"Barbell'i omuz hizasının biraz altına, bir rafa yerleştirin. Barı boynunuzun arkasına, sırtınızın üst kısmına gelecek şekilde yerleştirin ve omuz genişliğinden daha geniş bir aralıkla ellerinizi bara yerleştirin. Göğsünüzü yukarı kaldırın ve kürek kemiklerinizi birbirine yaklaştırarak tüm hareket boyunca sırtınızı düz tutun. Barı raftan almak için ayağa kalkın ve geriye doğru bir adım atın, ardından ayaklarınızı omuz genişliğinden biraz daha geniş olacak şekilde yerleştirin. Kalçalarınızdan geriye doğru oturun, sırtınızı düz ve göğsünüzü yukarıda tutarak, kalçalarınız dizlerinizin altına inecek şekilde çömelin. Çömelmenin en alt noktasından, ayaklarınızı yere bastırın ve kalçalarınızı öne doğru iterek ayakta durma pozisyonunun en üst noktasına geri dönün."
Standing Bicep Curl,Arms,Dumbbell,Omuz genişliğinde aralık bırakarak dambılları tutarak ayakta durun. Ön kolunuzu yukarı doğru çevirin ve üst kolunuzu sabit tutarak her bir dambılı omuz hizasına kadar kaldırın.
Triceps Extensions on Cable With Bar,Arms,Vücut Ağırlığı,"Barı kavrayın, ayaklarınızı omuz genişliğinde açarak durun, sırtınızı düz tutun ve biraz öne eğilin. Dirseklerinizin egzersiz boyunca hareket etmemesine dikkat ederek barı aşağı doğru itin. Hiç duraksamadan başlangıç ​​pozisyonuna geri dönün."
Wall Handstand,Shoulders,none (bodyweight exercise),Duvara yaslanarak amuda kalkma (göğüs duvara dönük).
Underhand Lat Pull Down,Back,Vücut Ağırlığı,"Avuç içleriniz size dönük ve elleriniz omuz genişliğinden daha yakın olacak şekilde barı kavrayın. Hafifçe geriye yaslanın ve sırtınızı düz tutun. Barı göğsünüze doğru çekin, hareketin sonunda omuzlarınızı hafifçe geriye doğru çekin."
Upright Row w/ Dumbbells,Shoulders,Dumbbell,Ayaklarınızı omuz genişliğinde açın. Yavaş ve sakin olun!
V-Bar Pulldown,Back,Vücut Ağırlığı,Dar tutuşlu V bar ile aşağı çekme hareketi.
"Calf raises, one legged",Calves,Vücut Ağırlığı,Açıklama Bulunamadı!
"Upright Row, SZ-bar",Shoulders,SZ-Bar,"Dik durun, ayaklarınız omuz genişliğinde açık olsun. SZ barı, kollarınız gergin bir şekilde, uyluklarınızın üzerinde üstten kavrama ile tutun. Barı çenenize kadar vücudunuza yakın bir şekilde kaldırın. Dirsekleriniz dışarı doğru bakacak şekilde, en yüksek noktada bir V şekli oluşturacak şekilde durun. Burada kısa bir süre bekleyin, ardından yavaşça aşağı inin ve hareketi tekrarlayın."
Wall Pushup,Arms,none (bodyweight exercise),Duvara yaslanarak şınav çekmek
"Upright Row, on Multi Press",Shoulders,Vücut Ağırlığı,"Hareketler temelde SZ bar ile aynıdır, ancak çoklu pres aletinde barı kullanıyorsunuz:

Dik durun, ayaklarınız omuz genişliğinde açık olsun. Barı uyluklarınızın üzerinde üstten kavrama ile tutun, kollarınız gergin olsun. Barı çenenize kadar vücudunuza yakın kaldırın. Dirsekler dışarı doğru bakacak şekilde en yüksek noktada V şeklini alsın. Burada kısa bir süre bekleyin, ardından yavaşça aşağı inin ve hareketi tekrarlayın."
Dumbbell Floor Press,Arms,Dumbbell,"Dambılları alın ve dizleriniz bükülü, ayaklarınız yere düz basacak şekilde sırt üstü uzanın (varsa bir sehpa kullanın). Dirseklerinizi kilitleyerek ağırlıkları yukarı doğru itin (A). Üst kollarınız vücudunuza yakın bir şekilde yere değene kadar yavaşça indirin (B). Burada kısa bir süre duraklayın ve ardından patlayıcı bir şekilde tekrar yukarı itin. Göğsünüzü sıkıca kasın ve tekrarlayın."
Dumbbell Concentration Curl,Arms,Dumbbell,Bir banka oturun. Dambılı ayaklarınızın arasına alın. Üst kolunuzun arka kısmını iç uyluğunuza yerleştirin. Dirseğinizi hafifçe yukarı kaldırmak için bacağınıza doğru eğilin.
Overhead Squat,Legs,Vücut Ağırlığı,"Barbell, geniş kollu koparma tutuşuyla baş üstünde tutulur; ancak denge izin veriyorsa daha dar bir tutuş da kullanılabilir."
Run - Treadmill,Cardio,Vücut Ağırlığı,Koşu bandında koşun
Incline Bench Press - Dumbbell,Chest,"Dumbbell, Incline bench","* Sehpanın açısı 30 ila 45 derece arasında olmalıdır.
* Dambılları mutlaka düz yukarı (zemine dik) doğru itin."
Triceps Extensions on Cable,Arms,Vücut Ağırlığı,"Kabloyu kavrayın, ayaklarınızı omuz genişliğinde açarak durun, sırtınızı düz tutun ve biraz öne eğilin. Dirseklerinizin egzersiz boyunca hareket etmemesine dikkat ederek barı aşağı doğru itin. En sonda ellerinizi dışa doğru döndürün ve duraksamadan başlangıç ​​pozisyonuna geri dönün."
Rowing with TRX band,Back,none (bodyweight exercise),Direnç bantlarıyla kürek çekme - Vücut Ağırlığı Egzersizi
Wall Squat,Legs,none (bodyweight exercise),"Düz bir duvar bulun ve sırtınızı duvara yaslayarak durun. Ayaklarınızı duvardan uzaklaştırarak yavaşça aşağı doğru kayın, uyluklarınız yere paralel olana ve hem dizleriniz hem de kalçalarınız 90° açıyla bükülene kadar devam edin. Kollarınızı göğsünüzün önünde çaprazlayın ve bu pozisyonda 30 saniye bekleyin.

Alternatif: Dizlerinizin arasına büyük, şişirilmiş bir lastik top (küçük bir basketbol topu gibi) koyun ve çömelme pozisyonunda dururken topu sıkın."
Crunches With Cable,Abs,Vücut Ağırlığı,"Kabloyu ellerinize alın ve şakaklarınızın yanına tutun. Dizlerinizi yere çömelin, üst vücudunuzu düz tutun ve öne doğru eğilin. Hızlı bir hareketle aşağı inin, sırtınızı içeri doğru kıvırın (dirsekleriniz dizlerinize doğru baksın). Aşağı indikten sonra, yavaşça başlangıç ​​pozisyonuna geri dönün."
Kickstand RDL,Legs,Barbell,Çalışmayan bacağın ayak parmaklarını denge sağlamak ve RDL hareketini yapmak için kullanın.
Alternating dumbbell hammer curl,Arms,Dumbbell,Dizleriniz hafifçe bükülü ve sırtınız dik olacak şekilde ayakta durun. Her iki elinize birer dambıl alın ve yanlarınızda nötr bir tutuşla kavrayın.
Straddle L-Sit,Abs,none (bodyweight exercise),"Bacaklarınız oturma pozisyonunda olacak şekilde, vücudunuzu yerden yukarı doğru itin. Bacaklarınız yatay ve düz bir şekilde dışarı doğru uzanmalıdır. Kollarınız bacaklarınızın arasında olmalıdır.

Gerektiği kadar izometrik olarak bu pozisyonda kalın."
L-sit,Abs,none (bodyweight exercise),"Bacaklarınız bitişik ve kollarınız yanlarınızda olacak şekilde yere oturun. Bacaklarınız düz ve ayaklarınız yere değmeden aynı oturma pozisyonunu koruyarak ellerinizi kullanarak vücudunuzu yerden itin.

Gerektiği kadar uzun süre bu pozisyonda kalın."
L-Sit (Foot Supported),Abs,none (bodyweight exercise),"L-sit pozisyonuna benzer, ancak bacaklarınızın ağırlığının bir kısmını desteklemek için ayaklarınızın yere değmesine izin verin."
Diaphragmatic Breathing,Cardio,Vücut Ağırlığı,Açıklama Bulunamadı!
Foam Roll Adductors,Legs,Vücut Ağırlığı,Açıklama Bulunamadı!
Roll-overs into V-sits,Legs,Vücut Ağırlığı,Açıklama Bulunamadı!
Rear-foot-elevated Hip Flexor Stretch,Legs,Vücut Ağırlığı,Açıklama Bulunamadı!